-- MySQL dump 10.16  Distrib 10.1.22-MariaDB, for Linux (x86_64)
--
-- Host: 127.0.0.1    Database: cloudmusic
-- ------------------------------------------------------
-- Server version	10.1.21-MariaDB

/*!40101 SET @OLD_CHARACTER_SET_CLIENT=@@CHARACTER_SET_CLIENT */;
/*!40101 SET @OLD_CHARACTER_SET_RESULTS=@@CHARACTER_SET_RESULTS */;
/*!40101 SET @OLD_COLLATION_CONNECTION=@@COLLATION_CONNECTION */;
/*!40101 SET NAMES utf8 */;
/*!40103 SET @OLD_TIME_ZONE=@@TIME_ZONE */;
/*!40103 SET TIME_ZONE='+00:00' */;
/*!40014 SET @OLD_UNIQUE_CHECKS=@@UNIQUE_CHECKS, UNIQUE_CHECKS=0 */;
/*!40014 SET @OLD_FOREIGN_KEY_CHECKS=@@FOREIGN_KEY_CHECKS, FOREIGN_KEY_CHECKS=0 */;
/*!40101 SET @OLD_SQL_MODE=@@SQL_MODE, SQL_MODE='NO_AUTO_VALUE_ON_ZERO' */;
/*!40111 SET @OLD_SQL_NOTES=@@SQL_NOTES, SQL_NOTES=0 */;

--
-- Table structure for table `beatportquanqiudianziwuqubang`
--

DROP TABLE IF EXISTS `beatportquanqiudianziwuqubang`;
/*!40101 SET @saved_cs_client     = @@character_set_client */;
/*!40101 SET character_set_client = utf8 */;
CREATE TABLE `beatportquanqiudianziwuqubang` (
  `music_id` int(11) DEFAULT NULL,
  `music_url` varchar(255) DEFAULT NULL,
  `music_name` varchar(255) DEFAULT NULL,
  `music_album` varchar(255) DEFAULT NULL,
  `music_artist` varchar(255) DEFAULT NULL,
  `music_artist_id` int(11) DEFAULT NULL
) ENGINE=InnoDB DEFAULT CHARSET=utf8;
/*!40101 SET character_set_client = @saved_cs_client */;

--
-- Dumping data for table `beatportquanqiudianziwuqubang`
--

LOCK TABLES `beatportquanqiudianziwuqubang` WRITE;
/*!40000 ALTER TABLE `beatportquanqiudianziwuqubang` DISABLE KEYS */;
/*!40000 ALTER TABLE `beatportquanqiudianziwuqubang` ENABLE KEYS */;
UNLOCK TABLES;

--
-- Table structure for table `biaoshengbang`
--

DROP TABLE IF EXISTS `biaoshengbang`;
/*!40101 SET @saved_cs_client     = @@character_set_client */;
/*!40101 SET character_set_client = utf8 */;
CREATE TABLE `biaoshengbang` (
  `music_id` int(11) DEFAULT NULL,
  `music_url` varchar(255) DEFAULT NULL,
  `music_name` varchar(255) DEFAULT NULL,
  `music_album` varchar(255) DEFAULT NULL,
  `music_artist` varchar(255) DEFAULT NULL,
  `music_artist_id` int(11) DEFAULT NULL
) ENGINE=InnoDB DEFAULT CHARSET=utf8;
/*!40101 SET character_set_client = @saved_cs_client */;

--
-- Dumping data for table `biaoshengbang`
--

LOCK TABLES `biaoshengbang` WRITE;
/*!40000 ALTER TABLE `biaoshengbang` DISABLE KEYS */;
INSERT INTO `biaoshengbang` VALUES (476428979,'http://music.163.com/song?id=476428979','Eyes Closed','Eyes Closed','Halsey',964321),(475254859,'http://music.163.com/song?id=475254859','Issues (Alan Walker Remix)','Issues (Alan Walker Remix)','Julia Michaels',12097049),(463157222,'http://music.163.com/song?id=463157222','一如年少模样','一如年少模样','陈鸿宇',1058228),(468878045,'http://music.163.com/song?id=468878045','从夜晚，到清晨','嘿，抬头！','贰佰',896894),(473602861,'http://music.163.com/song?id=473602861','Father and Son','Guardians of the Galaxy: Awesome Mix, Vol. 2 (Original Motion Picture Soundtrack)','Cat Stevens',29963),(469065946,'http://music.163.com/song?id=469065946','玩笑 (Acoustic)','玩笑 (Acoustic)','刘瑞琦',840134),(476428773,'http://music.163.com/song?id=476428773','Slow Hands','Slow Hands','Niall Horan',12132300),(473602850,'http://music.163.com/song?id=473602850','Mr. Blue Sky','Guardians of the Galaxy: Awesome Mix, Vol. 2 (Original Motion Picture Soundtrack)','Electric Light Orchestra',32700),(471385043,'http://music.163.com/song?id=471385043','暧昧','暧昧','薛之谦',5781),(473602853,'http://music.163.com/song?id=473602853','The Chain','Guardians of the Galaxy: Awesome Mix, Vol. 2 (Original Motion Picture Soundtrack)','Fleetwood Mac',56788),(475072295,'http://music.163.com/song?id=475072295','清白之年','猎户星座','朴树',4721),(476323553,'http://music.163.com/song?id=476323553','Moving On','Moving On','Marshmello',1060019),(466122659,'http://music.163.com/song?id=466122659','Good Life','The Fate of the Furious: The Album','G-Eazy',820036),(475254781,'http://music.163.com/song?id=475254781','Cold (Remix)','Cold (Remix)','Maroon 5',96266),(466817620,'http://music.163.com/song?id=466817620','忘记拥抱 (Live)','声吶 Live','A-Lin',7063),(472141642,'http://music.163.com/song?id=472141642','我爱你','我爱你','税子洺',12122233),(411921863,'http://music.163.com/song?id=411921863','孤','孤','蔡照',1132979),(470687490,'http://music.163.com/song?id=470687490','Galway Girl (Martin Jensen Remix)','Galway Girl (Martin Jensen Remix)','Ed Sheeran',33184),(475279370,'http://music.163.com/song?id=475279370','不期而遇','不期而遇','刘惜君',8334),(475207448,'http://music.163.com/song?id=475207448','I\'m the One ','I\'m the One','DJ Khaled',31273),(448184048,'http://music.163.com/song?id=448184048','化身孤岛的鲸','翻唱','不才',961358),(458725081,'http://music.163.com/song?id=458725081','Where Is Your Love','Where Is Your Love','J. Lisk',12121101),(475264029,'http://music.163.com/song?id=475264029','Never Let Me Go','Never Let Me Go','Alok',1170012),(476324536,'http://music.163.com/song?id=476324536','Earn It','Earn It','Fabian Mazur',952248),(476323590,'http://music.163.com/song?id=476323590','Chicken Soup','Chicken Soup','Skrillex',43755),(473817398,'http://music.163.com/song?id=473817398','Attention','Attention','Charlie Puth',90331),(470736867,'http://music.163.com/song?id=470736867','随便你','随便你','G.G(张思源）',12050057),(419374177,'http://music.163.com/song?id=419374177','带我走（Live）','Live','沈以诚',12002248),(468878693,'http://music.163.com/song?id=468878693','给陌生女孩的歌','给陌生女孩的歌','何洁',7907),(458238990,'http://music.163.com/song?id=458238990','玫瑰','嘿，抬头！','贰佰',896894),(474567606,'http://music.163.com/song?id=474567606','摇啊摇','摇啊摇','赵钶',1032247),(476618833,'http://music.163.com/song?id=476618833','破晓（Cookie组合版）','破晓','Cool',0),(473940413,'http://music.163.com/song?id=473940413','一半一半','一半一半','张碧晨',1024308),(472045959,'http://music.163.com/song?id=472045959','The Cure','The Cure','Lady Gaga',64147),(475279813,'http://music.163.com/song?id=475279813','Dangal','摔跤吧！爸爸 电影原声带','Various Artists',104700),(476513774,'http://music.163.com/song?id=476513774','琵琶行','琵琶行','奇然',4873),(475277998,'http://music.163.com/song?id=475277998','思美人','思美人','毛泽少',1007158),(474922552,'http://music.163.com/song?id=474922552','白山茶','白山茶','陈雪凝',12382970),(439915614,'http://music.163.com/song?id=439915614','刚好遇见你','刚好遇见你','李玉刚',4130),(469889836,'http://music.163.com/song?id=469889836','Glow','Glow','千坂',12138261),(423104061,'http://music.163.com/song?id=423104061','天蝎','某个集团','威士忌的碎冰',12002248),(447926071,'http://music.163.com/song?id=447926071','成都','无法长大','赵雷',6731),(471969020,'http://music.163.com/song?id=471969020','Drive My Car','Drive My Car','DEAMN',12047335),(411315504,'http://music.163.com/song?id=411315504','How To Love (Original Mix)','How To Love','Cash Cash',50905),(475254553,'http://music.163.com/song?id=475254553','Despacito (Major Lazer & MOSKA Remix)','Despacito (Major Lazer & MOSKA Remix)','Luis Fonsi',38154),(451703096,'http://music.163.com/song?id=451703096','Shape of You','Shape Of You','Ed Sheeran',33184),(475073797,'http://music.163.com/song?id=475073797','失恋阵线联盟','2017跨界歌王 第三期 ','陈建斌',1049979),(476609109,'http://music.163.com/song?id=476609109','Ultralife (Acoustic Version)','Ultralife (Acoustic Version)','Oh Wonder',1050128),(464674471,'http://music.163.com/song?id=464674471','Taped Up Heart (SIIN Remix)','Taped Up Heart (SIIN Remix)','SIIN',12096271),(419646629,'http://music.163.com/song?id=419646629','喜剧','喜剧','梁博',166010),(461544157,'http://music.163.com/song?id=461544157','Love Yourself','BRIT Awards 2017','Justin Bieber',35531),(476324524,'http://music.163.com/song?id=476324524','Hunter','Hunter','Galantis',851397),(476323620,'http://music.163.com/song?id=476323620','Mama','Mama','Jonas Blue',1192069),(472752184,'http://music.163.com/song?id=472752184','勇敢说再见','勇敢说再见','张宇',6469),(476599579,'http://music.163.com/song?id=476599579','木村弓 - always with me','《千与千寻》always with me','许飞',9941),(470759455,'http://music.163.com/song?id=470759455','失落的缘','失落的缘','谭维维',9489),(476612168,'http://music.163.com/song?id=476612168','风之息','风之息','五色石南叶',5678),(470547668,'http://music.163.com/song?id=470547668','原来的你','同在','小宇',5776),(449577640,'http://music.163.com/song?id=449577640','心藏','心藏','张继科',12186010),(475072197,'http://music.163.com/song?id=475072197','梦诛缘·春生','梦诛缘·春生','戚薇',9203),(35447132,'http://music.163.com/song?id=35447132','勋章','勋章','鹿晗',1038093),(468517654,'http://music.163.com/song?id=468517654','动物世界','动物世界','薛之谦',5781),(473941007,'http://music.163.com/song?id=473941007','Alone (Lost Stories Remix)','Alone (Lost Stories Remix)','Lost Stories',12370074),(439122551,'http://music.163.com/song?id=439122551','晚安','所有的酒，都不如你','鹿先森乐队',1195028),(37196629,'http://music.163.com/song?id=37196629','不为谁而作的歌','不为谁而作的歌','林俊杰',3684),(476415950,'http://music.163.com/song?id=476415950','Are You Sure? (Acoustic Version)','Are You Sure? (Acoustic Version)','Kris Kross Amsterdam',1094081),(471754754,'http://music.163.com/song?id=471754754','我们','我们','黄玠',3070),(472361236,'http://music.163.com/song?id=472361236','Galway Girl','Galway Girl','Madilyn Bailey',69270),(426852503,'http://music.163.com/song?id=426852503','放不过自己 ','JTW西游记 (GOLD)','方大同',2738),(461347998,'http://music.163.com/song?id=461347998','Something Just Like This','Something Just Like This','The Chainsmokers',893484),(468513829,'http://music.163.com/song?id=468513829','说散就散','说散就散','JC',12347360),(471763629,'http://music.163.com/song?id=471763629','分享快乐','分享快乐','韦礼安',5379),(466327445,'http://music.163.com/song?id=466327445','China-O','China-O','徐梦圆',1142042),(476323571,'http://music.163.com/song?id=476323571','My Symphony','My Symphony','Armin van Buuren',27621),(476324616,'http://music.163.com/song?id=476324616','Yunomi - ハッピーライフ','ハッピーライフ','Yunomi',1025016),(475279814,'http://music.163.com/song?id=475279814','Haanikaarak Bapu','摔跤吧！爸爸 电影原声带','Various Artists',104700),(468490178,'http://music.163.com/song?id=468490178','The One','The One','The Chainsmokers',893484),(476323636,'http://music.163.com/song?id=476323636','後遺症ロマンス','後遺症ロマンス','Yunomi',1025016),(473817846,'http://music.163.com/song?id=473817846','你是我心内的一首歌','2017跨界歌王 第二期','姚晨',10445),(466122271,'http://music.163.com/song?id=466122271','高尚','高尚','薛之谦',5781),(475581506,'http://music.163.com/song?id=475581506','给你','给你','沈三北本人',12344573),(472361096,'http://music.163.com/song?id=472361096','Despacito (Remix)','Despacito (Remix)','Luis Fonsi',38154),(467166503,'http://music.163.com/song?id=467166503','Circles','Circles','Loé',12334353),(36117863,'http://music.163.com/song?id=36117863','生活就这样','生活就这样','刘俊男',1160147),(476569153,'http://music.163.com/song?id=476569153','Light My Body Up (Cedric Gervais Remix)','Light My Body Up (Cedric Gervais Remix)','David Guetta',31211),(34364449,'http://music.163.com/song?id=34364449','Fast Car (Cali Remix)','Fast Car (Cali Remix)','Cali',1182738),(473986575,'http://music.163.com/song?id=473986575','Firefly','Firefly','Nao',125706),(412319591,'http://music.163.com/song?id=412319591','狂恋你','某个集团','威士忌的碎冰',12002248),(472137750,'http://music.163.com/song?id=472137750','自我崇拜','旅程','魏晨',5349),(459066182,'http://music.163.com/song?id=459066182','Emoji','Emoji','Albert Dyrlund',12279652),(476324674,'http://music.163.com/song?id=476324674','너란 이유','맨투맨 OST Part.3','许阁',125000),(476323638,'http://music.163.com/song?id=476323638','太多 (Piano)','太多','饶威',12355767),(468517666,'http://music.163.com/song?id=468517666','失恋重修手册','失恋重修手册','税子洺',12122233),(34899492,'http://music.163.com/song?id=34899492','热带雨林(live)','热门华语280','S.H.E',12709),(31445772,'http://music.163.com/song?id=31445772','理想三旬','浓烟下的诗歌电台','陈鸿宇',1058228),(444269135,'http://music.163.com/song?id=444269135','Alone','Alone','Alan Walker',1045123),(401723037,'http://music.163.com/song?id=401723037','野子','我是歌手第四季 第3期','苏运莹',1193259),(476609184,'http://music.163.com/song?id=476609184','Eyes Closed','Eyes Closed','Tyga',45033),(467599383,'http://music.163.com/song?id=467599383','看透以后','看透以后','音阙诗听',12174521);
/*!40000 ALTER TABLE `biaoshengbang` ENABLE KEYS */;
UNLOCK TABLES;

--
-- Table structure for table `hot_song`
--

DROP TABLE IF EXISTS `hot_song`;
/*!40101 SET @saved_cs_client     = @@character_set_client */;
/*!40101 SET character_set_client = utf8 */;
CREATE TABLE `hot_song` (
  `music_id` int(11) DEFAULT NULL,
  `music_url` varchar(255) DEFAULT NULL,
  `music_name` varchar(255) DEFAULT NULL,
  `music_album` varchar(255) DEFAULT NULL,
  `music_artist` varchar(255) DEFAULT NULL,
  `music_artist_id` int(11) DEFAULT NULL
) ENGINE=InnoDB DEFAULT CHARSET=utf8;
/*!40101 SET character_set_client = @saved_cs_client */;

--
-- Dumping data for table `hot_song`
--

LOCK TABLES `hot_song` WRITE;
/*!40000 ALTER TABLE `hot_song` DISABLE KEYS */;
INSERT INTO `hot_song` VALUES (471385043,'http://music.163.com/song?id=471385043','暧昧','暧昧','薛之谦',5781),(474567044,'http://music.163.com/song?id=474567044','我害怕','我害怕','薛之谦',5781),(439915614,'http://music.163.com/song?id=439915614','刚好遇见你','刚好遇见你','李玉刚',4130),(471403427,'http://music.163.com/song?id=471403427','我喜欢上你时的内心活动','我喜欢上你时的内心活动','陈绮贞',7217),(436514312,'http://music.163.com/song?id=436514312','成都','成都','赵雷',6731),(432506345,'http://music.163.com/song?id=432506345','童话镇','童话镇','陈一发儿',1137098),(468513829,'http://music.163.com/song?id=468513829','说散就散','说散就散','JC',12347360),(451703096,'http://music.163.com/song?id=451703096','Shape of You','Shape Of You','Ed Sheeran',33184),(33162226,'http://music.163.com/song?id=33162226','悟空','悟空 (Live版)','戴荃',791534),(418603077,'http://music.163.com/song?id=418603077','告白气球','周杰伦的床边故事','周杰伦',6452),(475072295,'http://music.163.com/song?id=475072295','清白之年','猎户星座','朴树',4721),(31445772,'http://music.163.com/song?id=31445772','理想三旬','浓烟下的诗歌电台','陈鸿宇',1058228),(28285910,'http://music.163.com/song?id=28285910','岁月神偷','金玟岐作品集','金玟岐',893259),(401249910,'http://music.163.com/song?id=401249910','We Don\'t Talk Anymore','Nine Track Mind','Charlie Puth',90331),(36990266,'http://music.163.com/song?id=36990266','Faded','Faded','Alan Walker',1045123),(466122659,'http://music.163.com/song?id=466122659','Good Life','The Fate of the Furious: The Album','G-Eazy',820036),(468517654,'http://music.163.com/song?id=468517654','动物世界','动物世界','薛之谦',5781),(461347998,'http://music.163.com/song?id=461347998','Something Just Like This','Something Just Like This','The Chainsmokers',893484),(421423806,'http://music.163.com/song?id=421423806','小半','小梦大半','陈粒',1007170),(381433,'http://music.163.com/song?id=381433','爱河','爱河','神马乐团',12933),(32507038,'http://music.163.com/song?id=32507038','演员','绅士','薛之谦',5781),(440353010,'http://music.163.com/song?id=440353010','Ngẫu Hứng','Ngẫu Hứng','Hoaprox',1177234),(38592976,'http://music.163.com/song?id=38592976','Dream It Possible','Dream It Possible','Delacey',489045),(27867140,'http://music.163.com/song?id=27867140','房间','房间','刘瑞琦',840134),(38576323,'http://music.163.com/song?id=38576323','春风十里','所有的酒，都不如你','鹿先森乐队',1195028),(473817398,'http://music.163.com/song?id=473817398','Attention','Attention','Charlie Puth',90331),(410801653,'http://music.163.com/song?id=410801653','啷个哩个啷','啷个哩个啷','鹏泊',11974049),(30394891,'http://music.163.com/song?id=30394891','Seve','Seve','Tez Cadey',488571),(2919622,'http://music.163.com/song?id=2919622','I Am You','I Am You','Kim Taylor',63943),(30953009,'http://music.163.com/song?id=30953009','See You Again','Furious 7 (Original Motion Picture Soundtrack)','Wiz Khalifa',46006),(437292675,'http://music.163.com/song?id=437292675','我要你','我要你','任素汐',1054159),(31445554,'http://music.163.com/song?id=31445554','七月上','七月上','Jam',1071031),(29759733,'http://music.163.com/song?id=29759733','可乐','赵浴辰原创demo精选','赵浴辰',1038040),(208902,'http://music.163.com/song?id=208902','红色高跟鞋','若你碰到他','蔡健雅',7214),(29019227,'http://music.163.com/song?id=29019227','Sugar','V','Maroon 5',96266),(475207448,'http://music.163.com/song?id=475207448','I\'m the One ','I\'m the One','DJ Khaled',31273),(423228325,'http://music.163.com/song?id=423228325','Closer','Closer','The Chainsmokers',893484),(308353,'http://music.163.com/song?id=308353','钟无艳','3/8','谢安琪',9952),(472045959,'http://music.163.com/song?id=472045959','The Cure','The Cure','Lady Gaga',64147),(473873431,'http://music.163.com/song?id=473873431','팔레트','Palette','IU',160947),(30903117,'http://music.163.com/song?id=30903117','漂洋过海来看你','漂洋过海来看你','周深',1030001),(287035,'http://music.163.com/song?id=287035','遇见','经典全纪录(主打精华版)','孙燕姿',9272),(133998,'http://music.163.com/song?id=133998','老街','小黄','李荣浩',4292),(432506809,'http://music.163.com/song?id=432506809','致姗姗来迟的你 ','我愚蠢的理想主义','阿肆',7122),(406475394,'http://music.163.com/song?id=406475394','Wonderful U - Demo Version','Ginadoll','AGA',768208),(25788001,'http://music.163.com/song?id=25788001','其实都没有','初·爱','杨宗纬',6066),(472361096,'http://music.163.com/song?id=472361096','Despacito (Remix)','Despacito (Remix)','Luis Fonsi',38154),(26060065,'http://music.163.com/song?id=26060065','Counting Stars','Native (Deluxe Version)','OneRepublic',98105),(35403523,'http://music.163.com/song?id=35403523','陪你度过漫长岁月','陪你度过漫长岁月','陈奕迅',2116),(1210496,'http://music.163.com/song?id=1210496','What Are Words','What Are Words','Chris Medina',30899),(28639182,'http://music.163.com/song?id=28639182','Try','Gypsy Heart Side A','Colbie Caillat',50890),(27646205,'http://music.163.com/song?id=27646205','安和桥','安和桥北','宋冬野',5073),(442314991,'http://music.163.com/song?id=442314991','凉城','后继者','任然',9255),(28949843,'http://music.163.com/song?id=28949843','那就这样吧','热门华语233','Rocky',12154077),(461519272,'http://music.163.com/song?id=461519272','勉为其难','勉为其难','王冕',12302029),(29947420,'http://music.163.com/song?id=29947420','Fade','Fade','Alan Walker',1045123),(108242,'http://music.163.com/song?id=108242','她说','她说 概念自选辑','林俊杰',3684),(29850531,'http://music.163.com/song?id=29850531','不找了','郭旭的Demo','郭旭',1044203),(2526613,'http://music.163.com/song?id=2526613','Booty Music','Booty Music','Deep Side',55350),(186016,'http://music.163.com/song?id=186016','晴天','叶惠美','周杰伦',6452),(470759757,'http://music.163.com/song?id=470759757','不露声色','不露声色','Jam',1071031),(33291435,'http://music.163.com/song?id=33291435','Samsara','Mujeres y Hombres y Viceversa: Los Hits del Verano 2015','Tungevaag & Raaban',1090022),(418602088,'http://music.163.com/song?id=418602088','Nevada (Original Mix)','Nevada','Vicetone',747030),(139774,'http://music.163.com/song?id=139774','The truth that you leave','The truth that you leave','Pianoboy',4726),(441491080,'http://music.163.com/song?id=441491080','Oops','Glory Days (Deluxe Concert Film Edition)','Little Mix',96072),(28815250,'http://music.163.com/song?id=28815250','平凡之路','猎户星座','朴树',4721),(474922552,'http://music.163.com/song?id=474922552','白山茶','白山茶','陈雪凝',12382970),(31654455,'http://music.163.com/song?id=31654455','Victory','Battlecry','Two Steps From Hell',102714),(27759600,'http://music.163.com/song?id=27759600','Five Hundred Miles','Inside Llewyn Davis','Justin Timberlake',35331),(34852348,'http://music.163.com/song?id=34852348','致爱 Your Song','致爱 Your Song','鹿晗',1038093),(35476049,'http://music.163.com/song?id=35476049','这个年纪','这个年纪','齐一',1159045),(25706282,'http://music.163.com/song?id=25706282','夜空中最亮的星','世界','逃跑计划',12977),(202373,'http://music.163.com/song?id=202373','南方姑娘','赵小雷','赵雷',6731),(474567124,'http://music.163.com/song?id=474567124','半句再见','我想和你唱 第二季 第1期','孙燕姿',9272),(4386589,'http://music.163.com/song?id=4386589','I Just Wanna Run','Best I Never Had','The Downtown Fiction',103121),(473571905,'http://music.163.com/song?id=473571905','春风十里不如你','春风十里不如你','李健',3695),(432509483,'http://music.163.com/song?id=432509483','全世界谁倾听你 ','全世界谁倾听你','林宥嘉',3685),(474932841,'http://music.163.com/song?id=474932841','Thunder','Thunder','Imagine Dragons',94779),(29722263,'http://music.163.com/song?id=29722263','Uptown Funk','Uptown Funk','Mark Ronson',38898),(437387277,'http://music.163.com/song?id=437387277','其实，我就在你方圆几里','其实，我就在你方圆几里','Amy Chanrich',12077204),(26584442,'http://music.163.com/song?id=26584442','风的季节','历久尝新','Soler',12721),(408814900,'http://music.163.com/song?id=408814900','借我','算云烟','谢春花',1039895),(27747330,'http://music.163.com/song?id=27747330','被驯服的象','天使与魔鬼的对话','蔡健雅',7214),(409916250,'http://music.163.com/song?id=409916250','The Ocean (Radio Edit)','The Ocean','Mike Perry',195021),(409654891,'http://music.163.com/song?id=409654891','故梦','故梦（翻唱）','双笙',12025552),(30431376,'http://music.163.com/song?id=30431376','易燃易爆炸','如也','陈粒',1007170),(37653063,'http://music.163.com/song?id=37653063','Please Don\'t Go','Please Don\'t Go','Joel Adams',1188100),(65126,'http://music.163.com/song?id=65126','红玫瑰','1997-2007 跨世纪国语精选','陈奕迅',2116),(36308916,'http://music.163.com/song?id=36308916','Monody',' Monody','TheFatRat',1019952),(473742112,'http://music.163.com/song?id=473742112','离骚','离骚','易烊千玺',939088),(25731320,'http://music.163.com/song?id=25731320','男孩别哭','海龟先生','海龟先生',11830),(29750825,'http://music.163.com/song?id=29750825','Es rappelt im Karton','Es rappelt im Karton','Pixie Paris',1032313),(210281,'http://music.163.com/song?id=210281','心动','重译','陈洁仪',7439),(36496695,'http://music.163.com/song?id=36496695','Love Yourself','Purpose','Justin Bieber',35531),(28308080,'http://music.163.com/song?id=28308080','Me and My Broken Heart','Me and My Broken Heart','Rixton',840899),(448184048,'http://music.163.com/song?id=448184048','化身孤岛的鲸','翻唱','不才',961358),(410042104,'http://music.163.com/song?id=410042104','We Don\'t Talk Anymore','We Don\'t Talk Anymore（翻唱）','双笙',12025552),(461518855,'http://music.163.com/song?id=461518855','Stay','Stay','Zedd',46376),(409941296,'http://music.163.com/song?id=409941296','只是没有如果','只是没有如果','张靓颖',10561),(37196629,'http://music.163.com/song?id=37196629','不为谁而作的歌','不为谁而作的歌','林俊杰',3684),(355992,'http://music.163.com/song?id=355992','追梦赤子心','追梦痴子心','GALA',11679),(27583305,'http://music.163.com/song?id=27583305','Here With You','Here With You','Asher Book',28727),(33469593,'http://music.163.com/song?id=33469593','温柔乡','温柔乡','陈雅森',2230),(72408,'http://music.163.com/song?id=72408','天后','天后(台湾版)','陈势安',2201),(34497630,'http://music.163.com/song?id=34497630','最后一首情歌','好说好散','苏琛',1146106),(30854966,'http://music.163.com/song?id=30854966','Masked Heroes','Masked Heroes','Vexento',12037010),(86369,'http://music.163.com/song?id=86369','偏爱','仙剑奇侠传三 电视原声带','张芸京',10572),(28978321,'http://music.163.com/song?id=28978321','逆流成河','来生','金南玲',8281),(28892408,'http://music.163.com/song?id=28892408','我的天空','青春派 电影原声带','南征北战',189873),(4164331,'http://music.163.com/song?id=4164331','Bye Bye Bye','Rising Love','Lovestoned',95748),(3935139,'http://music.163.com/song?id=3935139','Breath and Life','The Platinum Series III','Audio Machine',87066),(442869386,'http://music.163.com/song?id=442869386','Baby ，До свидания','猎户星座','朴树',4721),(29431066,'http://music.163.com/song?id=29431066','奇妙能力歌','未收录的单曲','陈粒',1007170),(118261,'http://music.163.com/song?id=118261','七友','梁汉文集','梁汉文',3722),(35847037,'http://music.163.com/song?id=35847037','多幸运','多幸运','韩安旭',1177014),(347230,'http://music.163.com/song?id=347230','海阔天空','海阔天空','Beyond',11127),(29553031,'http://music.163.com/song?id=29553031','Sky (Radio Edit)','Sky','Steerner ',783190),(31260505,'http://music.163.com/song?id=31260505','思念是一把刀','思念是一把刀','刘辰希',4320),(152392,'http://music.163.com/song?id=152392','讲不出再见','二十年白金畅销金曲全记录','谭咏麟',5205),(468176711,'http://music.163.com/song?id=468176711','城南花已开','城南花已开','三亩地',1044144),(440101136,'http://music.163.com/song?id=440101136','Sign','Sign','DEAMN',12047335),(25906124,'http://music.163.com/song?id=25906124','不要说话','不想放手','陈奕迅',2116),(475072467,'http://music.163.com/song?id=475072467','First Time','First Time ','Kygo',844410),(108251,'http://music.163.com/song?id=108251','当你','她说 概念自选辑','林俊杰',3684),(167975,'http://music.163.com/song?id=167975','曾经的你','每一刻都是崭新的','许巍',5770),(32785700,'http://music.163.com/song?id=32785700','一生所爱','Beyond Imagination','卢冠廷',3697),(5253801,'http://music.163.com/song?id=5253801','Free Loop','Cf, Movie & Drama Hits 广告，开麦拉！','Daniel Powter',31187),(29534449,'http://music.163.com/song?id=29534449','Unity','Unity','TheFatRat',1019952),(33211676,'http://music.163.com/song?id=33211676','Hello','Hello','OMFG',381949),(472137753,'http://music.163.com/song?id=472137753','我不能忘记你','我不能忘记你','林忆莲',8336),(26402069,'http://music.163.com/song?id=26402069','上心','故事的配角','郑欣宜',10782),(475207215,'http://music.163.com/song?id=475207215','Bon Appétit','Bon Appétit','Katy Perry',62888),(25718007,'http://music.163.com/song?id=25718007','你瞒我瞒','Can’t Be Half','陈柏宇',2127),(32922450,'http://music.163.com/song?id=32922450','IF YOU','D','BIGBANG',126339),(94639,'http://music.163.com/song?id=94639','相依为命','十年选','陈小春',2112),(65538,'http://music.163.com/song?id=65538','好久不见','认了吧','陈奕迅',2116),(32196517,'http://music.163.com/song?id=32196517','造梦者','热门华语265','以冬',12065133),(29414037,'http://music.163.com/song?id=29414037','走马','热门华语241','陈粒',1007170),(473873631,'http://music.163.com/song?id=473873631','gravityWall (TV size)','gravityWall (TV size)','SawanoHiroyuki[nZk]:Tielle & Gemie',0),(473940413,'http://music.163.com/song?id=473940413','一半一半','一半一半','张碧晨',1024308),(35447858,'http://music.163.com/song?id=35447858','走着走着就散了 ','走着走着就散了','庄心妍',167013),(34229234,'http://music.163.com/song?id=34229234','i hate u i love u','i hate u i love u','gnash',1137226),(473441409,'http://music.163.com/song?id=473441409','空港曲','空港曲','宋冬野',5073),(189236,'http://music.163.com/song?id=189236','断点','我的梦想我的路','张敬轩',6462),(420922950,'http://music.163.com/song?id=420922950','Let Me Love You','Encore','DJ Snake',296416),(427142481,'http://music.163.com/song?id=427142481','Clsr (Aash Mehta Flip)','Clsr (Aash Mehta Flip)','Aash Mehta',1094364),(28661564,'http://music.163.com/song?id=28661564','Maps','Maps','Maroon 5',96266),(28188171,'http://music.163.com/song?id=28188171','Look At Me Now','Ego','Charlie Puth',90331),(29436904,'http://music.163.com/song?id=29436904','南山南','南山南','马頔',4592),(17793698,'http://music.163.com/song?id=17793698','Whistle','Whistle','Flo Rida',56783),(475072040,'http://music.163.com/song?id=475072040','倩音流年','倩音流年','慕寒',12413),(2866921,'http://music.163.com/song?id=2866921','Schnappi','Schnappi und Seine Freunde','Joy Gruttmann',62646),(32019002,'http://music.163.com/song?id=32019002','Beautiful Now','True Colors','Zedd',46376),(306662,'http://music.163.com/song?id=306662','失落沙洲','LaLa首张创作专辑','徐佳莹',9940),(17405594,'http://music.163.com/song?id=17405594','The Next Episode','2001','Dr. Dre',53243),(165340,'http://music.163.com/song?id=165340','有点甜','万有引力','汪苏泷',5538),(474791932,'http://music.163.com/song?id=474791932','오늘 취하면 (Prod. SUGA)','WINE','Suran',1081589),(461083054,'http://music.163.com/song?id=461083054','还不是因为你长得不好看','【满汉】还不是因为你长得不好看（纯男声30P）','满汉全席',1161201),(371362,'http://music.163.com/song?id=371362','小跳蛙','我们爱音乐(首唱会赠送版)','青蛙',12608),(857896,'http://music.163.com/song?id=857896','A Little Story','My View','Valentin',22247),(26508186,'http://music.163.com/song?id=26508186','天空之城','我爱南京','李志',3681),(36492599,'http://music.163.com/song?id=36492599','Trip','Trip','Axero',1035020),(28157586,'http://music.163.com/song?id=28157586','If I Die Young','Double Cream 5: 20 Years of Nashville #1\'s 1992-2012','The Band Perry',102919),(25713016,'http://music.163.com/song?id=25713016','Jar Of Love','Everything In The World (白金庆功版)','曲婉婷',9178),(422428548,'http://music.163.com/song?id=422428548','Landing Guy','鱼干铺里','刘昊霖',4171),(26524510,'http://music.163.com/song?id=26524510','我好想你','秋：故事','苏打绿',12707),(472219504,'http://music.163.com/song?id=472219504','Lust For Life','Lust For Life','Lana Del Rey',66212),(27646199,'http://music.163.com/song?id=27646199','斑马，斑马','安和桥北','宋冬野',5073),(17706562,'http://music.163.com/song?id=17706562','Good Time','Good Time','Owl City',40859),(448393515,'http://music.163.com/song?id=448393515','尽头','音阙诗听','赵方婧',12023202),(449818741,'http://music.163.com/song?id=449818741','光年之外','光年之外','G.E.M.邓紫棋',7763),(30352891,'http://music.163.com/song?id=30352891','牵丝戏','牵丝戏','银临',188565),(407435011,'http://music.163.com/song?id=407435011','我想','我想','余佳运',1079074),(35847388,'http://music.163.com/song?id=35847388','Hello','Hello','Adele',46487),(4224657,'http://music.163.com/song?id=4224657','Apologize','Dreaming Out Loud (Tour Edition)','OneRepublic',98105),(186001,'http://music.163.com/song?id=186001','七里香','七里香','周杰伦',6452),(1491585,'http://music.163.com/song?id=1491585','Traveling Light','Traveling Light','Joel Hanson',35375),(2529311,'http://music.163.com/song?id=2529311','Walk Away','Red','Dia Frampton',55454),(36587407,'http://music.163.com/song?id=36587407','我们不该这样的','北上广不相信眼泪 电视原声带','张赫宣',166016),(29732659,'http://music.163.com/song?id=29732659','This Is the Life','Weathered','Angie Miller',756064),(35447132,'http://music.163.com/song?id=35447132','勋章','勋章','鹿晗',1038093),(17112299,'http://music.163.com/song?id=17112299','Call Me Maybe','Call Me Maybe','Carly Rae Jepsen',50934),(411314681,'http://music.163.com/song?id=411314681','This Is What You Came For ','This Is What You Came For','Calvin Harris',29968),(356034,'http://music.163.com/song?id=356034','Young For You','Young For You','GALA',11679),(4875075,'http://music.163.com/song?id=4875075','遇到','恶作剧之吻 电视原声带','方雅贤',203162),(276904,'http://music.163.com/song?id=276904','外面的世界','回蔚','莫文蔚',8926),(28830411,'http://music.163.com/song?id=28830411','Sunburst','Sunburst','Tobu',964486),(4341314,'http://music.163.com/song?id=4341314','Intro - intro','xx','The xx',102035),(19542337,'http://music.163.com/song?id=19542337','Hall of Fame','#3 Deluxe Version','The Script',102028),(29814898,'http://music.163.com/song?id=29814898','可惜没如果','新地球','林俊杰',3684),(475279356,'http://music.163.com/song?id=475279356','有个人','有个人','戚薇',9203),(4154790,'http://music.163.com/song?id=4154790','Need You Now','iTunes Session','Lady Antebellum',95456),(29567189,'http://music.163.com/song?id=29567189','理想','吉姆餐厅','赵雷',6731),(28234970,'http://music.163.com/song?id=28234970','想把我唱给你听','热门华语202','老狼',3682),(29307038,'http://music.163.com/song?id=29307038','Centuries','Centuries','Fall Out Boy',56782),(35470197,'http://music.163.com/song?id=35470197','一次就好','夏洛特烦恼 电影原声带','杨宗纬',6066),(444269135,'http://music.163.com/song?id=444269135','Alone','Alone','Alan Walker',1045123),(168091,'http://music.163.com/song?id=168091','蓝莲花','时光.漫步','许巍',5770),(189315,'http://music.163.com/song?id=189315','慢慢','忘记你我做不到','张学友',6460),(316654,'http://music.163.com/song?id=316654','可惜我是水瓶座','Simply Me','杨千嬅',10204);
/*!40000 ALTER TABLE `hot_song` ENABLE KEYS */;
UNLOCK TABLES;

--
-- Table structure for table `hot_uk`
--

DROP TABLE IF EXISTS `hot_uk`;
/*!40101 SET @saved_cs_client     = @@character_set_client */;
/*!40101 SET character_set_client = utf8 */;
CREATE TABLE `hot_uk` (
  `music_id` int(11) DEFAULT NULL,
  `music_url` varchar(255) DEFAULT NULL,
  `music_name` varchar(255) DEFAULT NULL,
  `music_album` varchar(255) DEFAULT NULL,
  `music_artist` varchar(255) DEFAULT NULL,
  `music_artist_id` int(11) DEFAULT NULL
) ENGINE=InnoDB DEFAULT CHARSET=utf8;
/*!40101 SET character_set_client = @saved_cs_client */;

--
-- Dumping data for table `hot_uk`
--

LOCK TABLES `hot_uk` WRITE;
/*!40000 ALTER TABLE `hot_uk` DISABLE KEYS */;
/*!40000 ALTER TABLE `hot_uk` ENABLE KEYS */;
UNLOCK TABLES;

--
-- Table structure for table `meiguobillboardzhoubang`
--

DROP TABLE IF EXISTS `meiguobillboardzhoubang`;
/*!40101 SET @saved_cs_client     = @@character_set_client */;
/*!40101 SET character_set_client = utf8 */;
CREATE TABLE `meiguobillboardzhoubang` (
  `music_id` int(11) DEFAULT NULL,
  `music_url` varchar(255) DEFAULT NULL,
  `music_name` varchar(255) DEFAULT NULL,
  `music_album` varchar(255) DEFAULT NULL,
  `music_artist` varchar(255) DEFAULT NULL,
  `music_artist_id` int(11) DEFAULT NULL
) ENGINE=InnoDB DEFAULT CHARSET=utf8;
/*!40101 SET character_set_client = @saved_cs_client */;

--
-- Dumping data for table `meiguobillboardzhoubang`
--

LOCK TABLES `meiguobillboardzhoubang` WRITE;
/*!40000 ALTER TABLE `meiguobillboardzhoubang` DISABLE KEYS */;
/*!40000 ALTER TABLE `meiguobillboardzhoubang` ENABLE KEYS */;
UNLOCK TABLES;

--
-- Table structure for table `music_items`
--

DROP TABLE IF EXISTS `music_items`;
/*!40101 SET @saved_cs_client     = @@character_set_client */;
/*!40101 SET character_set_client = utf8 */;
CREATE TABLE `music_items` (
  `musicID` int(11) DEFAULT NULL,
  `musicURL` varchar(255) DEFAULT NULL,
  `musicName` varchar(255) DEFAULT NULL,
  `musicArtist` varchar(255) DEFAULT NULL,
  `musicAlbum` varchar(255) DEFAULT NULL,
  `musicMV` varchar(255) DEFAULT NULL
) ENGINE=InnoDB DEFAULT CHARSET=utf8;
/*!40101 SET character_set_client = @saved_cs_client */;

--
-- Dumping data for table `music_items`
--

LOCK TABLES `music_items` WRITE;
/*!40000 ALTER TABLE `music_items` DISABLE KEYS */;
INSERT INTO `music_items` VALUES (460043746,'http://music.163.com/song?id=460043746','Good Goodbye','Linkin Park','Pusha T','http://music.163.com/mv?id=5483048'),(460043746,'http://music.163.com/song?id=460043746','Good Goodbye','Linkin Park','Pusha T','http://music.163.com/mv?id=5483048'),(460043746,'http://music.163.com/song?id=460043746','Good Goodbye','Linkin Park','Pusha T','http://music.163.com/mv?id=5483048'),(460043746,'http://music.163.com/song?id=460043746','Good Goodbye','Linkin Park','Pusha T','http://music.163.com/mv?id=5483048'),(460043746,'http://music.163.com/song?id=460043746','Good Goodbye','Linkin Park','Pusha T','http://music.163.com/mv?id=5483048'),(460043746,'http://music.163.com/song?id=460043746','Good Goodbye','Linkin Park','Pusha T','http://music.163.com/mv?id=5483048');
/*!40000 ALTER TABLE `music_items` ENABLE KEYS */;
UNLOCK TABLES;

--
-- Table structure for table `musiccomment`
--

DROP TABLE IF EXISTS `musiccomment`;
/*!40101 SET @saved_cs_client     = @@character_set_client */;
/*!40101 SET character_set_client = utf8 */;
CREATE TABLE `musiccomment` (
  `music_id` int(11) DEFAULT NULL,
  `comment_content` varchar(10000) DEFAULT NULL,
  `comment_user_id` int(11) DEFAULT NULL,
  `comment_username` varchar(200) DEFAULT NULL,
  `comment_like_count` int(11) DEFAULT NULL,
  `comment_id` int(11) DEFAULT NULL
) ENGINE=InnoDB DEFAULT CHARSET=utf8;
/*!40101 SET character_set_client = @saved_cs_client */;

--
-- Dumping data for table `musiccomment`
--

LOCK TABLES `musiccomment` WRITE;
/*!40000 ALTER TABLE `musiccomment` DISABLE KEYS */;
INSERT INTO `musiccomment` VALUES (460043746,'还有五十多天高考，还有五十多天就该say good goodbye',122765071,'_入门唯觉一庭香',3907,356932948),(460043746,'#Linkin Park# 新专辑《One More Light》共十首\n《Nobody Can Save Me》；\n《Good Goodbye》；\n《Talking To Myself》；\n《Battle Symphony》；\n《Invisible》；\n《Heavy》；\n《Sorry For Now》；\n《Halfway Right》；\n《One More Light》；\n《Sharp Edges》。\n专辑将于5月19日发行\nLook forward to it',58777669,'养条狗',3843,356097570),(460043746,'这首歌用的是比赛中球员被逐出局来比喻某人从不融洽的关系里脱离，故说Good Goodbye，同时Mike也是个篮球迷。另外这首歌还请来了之前合作过的说唱歌手Pusha T和另外一位说唱歌手Stormzy。',62242373,'KRees',1533,356126577),(460043746,'多少人的衣服上印着Linkin Park的字样，却不知道Linkin Park是一支多么牛逼的乐队，甚至好多人的衣服上印的都是错误的拼写，看着这些人，我感到深深地悲哀，Linkin Park，从初一到研一，爱了11年，以后也会一直爱下去',115782761,'Slience_Park',1480,357967935),(460043746,'超有共鸣的歌词，一如既往让人感动的旋律，加上LP独特迷人的嗓音，简直要循环上一整天～[钟情][爱心]',82825921,'一只爱听歌的提莫',826,356164482),(460043746,'专辑后面的歌一定还会有你们想要的元素。他们没有老。',52574971,'卖个摇滚唱个萌',754,356881225),(460043746,'这个组合的歌一定红心下载。这是一种愚忠',249777895,'原来是西门大嫂i',557,357782482),(460043746,'在所有的道别里 我最喜欢明天见了',117058813,'猪是从左往右看',386,359182892),(460043746,'rap出来我鸡皮疙瘩一地.c的声音还是那样充满正能量[爱心]',130666455,'我是蛇的墨镜',277,356194835),(460043746,'別灰心 生活不就是這樣起起落落落落落落落落落落落落落落的嘛',255047460,'鹿与折耳猫',182,363667227);
/*!40000 ALTER TABLE `musiccomment` ENABLE KEYS */;
UNLOCK TABLES;

--
-- Table structure for table `singer`
--

DROP TABLE IF EXISTS `singer`;
/*!40101 SET @saved_cs_client     = @@character_set_client */;
/*!40101 SET character_set_client = utf8 */;
CREATE TABLE `singer` (
  `singer_id` int(11) DEFAULT NULL,
  `singer_name` varchar(255) DEFAULT NULL
) ENGINE=InnoDB DEFAULT CHARSET=utf8;
/*!40101 SET character_set_client = @saved_cs_client */;

--
-- Dumping data for table `singer`
--

LOCK TABLES `singer` WRITE;
/*!40000 ALTER TABLE `singer` DISABLE KEYS */;
INSERT INTO `singer` VALUES (7570,'邓丽君'),(3718,'刘文正'),(6460,'张学友'),(6452,'周杰伦'),(7667,'凤飞飞'),(11127,'Beyond'),(5205,'谭咏麟'),(6457,'张国荣'),(3691,'刘德华'),(9621,'王菲'),(5358,'王杰'),(9968,'徐小凤'),(3686,'罗大佑'),(4813,'齐秦'),(2111,'崔健'),(2116,'陈奕迅'),(5782,'许冠杰'),(6456,'周华健'),(8918,'梅艳芳'),(3688,'刘欢'),(9167,'齐豫'),(8336,'林忆莲'),(3698,'罗文'),(10559,'张惠妹'),(7220,'蔡琴'),(5346,'王力宏'),(10594,'甄妮'),(4895,'任贤齐'),(2115,'陈百强'),(6459,'张雨生'),(3684,'林俊杰'),(3683,'李宗盛'),(7225,'陈慧娴'),(8921,'毛阿敏'),(8325,'梁静茹'),(9061,'那英'),(3701,'黎明'),(2852,'郭富城'),(6454,'张信哲'),(3706,'林子祥'),(6468,'郑智化'),(7219,'蔡依林'),(5347,'汪峰'),(10206,'杨钰莹'),(9488,'田震'),(8364,'龙飘飘'),(9945,'萧亚轩'),(10561,'张靓颖'),(4941,'孙楠'),(9103,'欧阳菲菲'),(7570,'邓丽君'),(3718,'刘文正'),(6460,'张学友'),(6452,'周杰伦'),(7667,'凤飞飞'),(11127,'Beyond'),(5205,'谭咏麟'),(6457,'张国荣'),(3691,'刘德华'),(9621,'王菲'),(5358,'王杰'),(9968,'徐小凤'),(3686,'罗大佑'),(4813,'齐秦'),(2111,'崔健'),(2116,'陈奕迅'),(5782,'许冠杰'),(6456,'周华健'),(8918,'梅艳芳'),(3688,'刘欢'),(9167,'齐豫'),(8336,'林忆莲'),(3698,'罗文'),(10559,'张惠妹'),(7220,'蔡琴'),(5346,'王力宏'),(10594,'甄妮'),(4895,'任贤齐'),(2115,'陈百强'),(6459,'张雨生'),(3684,'林俊杰'),(3683,'李宗盛'),(7225,'陈慧娴'),(8921,'毛阿敏'),(8325,'梁静茹'),(9061,'那英'),(3701,'黎明'),(2852,'郭富城'),(6454,'张信哲'),(3706,'林子祥'),(6468,'郑智化'),(7219,'蔡依林'),(5347,'汪峰'),(10206,'杨钰莹'),(9488,'田震'),(8364,'龙飘飘'),(9945,'萧亚轩'),(10561,'张靓颖'),(4941,'孙楠'),(9103,'欧阳菲菲'),(7570,'邓丽君'),(3718,'刘文正'),(6460,'张学友'),(6452,'周杰伦'),(7667,'凤飞飞'),(11127,'Beyond'),(5205,'谭咏麟'),(6457,'张国荣'),(3691,'刘德华'),(9621,'王菲'),(5358,'王杰'),(9968,'徐小凤'),(3686,'罗大佑'),(4813,'齐秦'),(2111,'崔健'),(2116,'陈奕迅'),(5782,'许冠杰'),(6456,'周华健'),(8918,'梅艳芳'),(3688,'刘欢'),(9167,'齐豫'),(8336,'林忆莲'),(3698,'罗文'),(10559,'张惠妹'),(7220,'蔡琴'),(5346,'王力宏'),(10594,'甄妮'),(4895,'任贤齐'),(2115,'陈百强'),(6459,'张雨生'),(3684,'林俊杰'),(3683,'李宗盛'),(7225,'陈慧娴'),(8921,'毛阿敏'),(8325,'梁静茹'),(9061,'那英'),(3701,'黎明'),(2852,'郭富城'),(6454,'张信哲'),(3706,'林子祥'),(6468,'郑智化'),(7219,'蔡依林'),(5347,'汪峰'),(10206,'杨钰莹'),(9488,'田震'),(8364,'龙飘飘'),(9945,'萧亚轩'),(10561,'张靓颖'),(4941,'孙楠'),(9103,'欧阳菲菲'),(7570,'邓丽君'),(3718,'刘文正'),(6460,'张学友'),(6452,'周杰伦'),(7667,'凤飞飞'),(11127,'Beyond'),(5205,'谭咏麟'),(6457,'张国荣'),(3691,'刘德华'),(9621,'王菲'),(5358,'王杰'),(9968,'徐小凤'),(3686,'罗大佑'),(4813,'齐秦'),(2111,'崔健'),(2116,'陈奕迅'),(5782,'许冠杰'),(6456,'周华健'),(8918,'梅艳芳'),(3688,'刘欢'),(9167,'齐豫'),(8336,'林忆莲'),(3698,'罗文'),(10559,'张惠妹'),(7220,'蔡琴'),(5346,'王力宏'),(10594,'甄妮'),(4895,'任贤齐'),(2115,'陈百强'),(6459,'张雨生'),(3684,'林俊杰'),(3683,'李宗盛'),(7225,'陈慧娴'),(8921,'毛阿敏'),(8325,'梁静茹'),(9061,'那英'),(3701,'黎明'),(2852,'郭富城'),(6454,'张信哲'),(3706,'林子祥'),(6468,'郑智化'),(7219,'蔡依林'),(5347,'汪峰'),(10206,'杨钰莹'),(9488,'田震'),(8364,'龙飘飘'),(9945,'萧亚轩'),(10561,'张靓颖'),(4941,'孙楠'),(9103,'欧阳菲菲'),(7570,'邓丽君'),(3718,'刘文正'),(6460,'张学友'),(6452,'周杰伦'),(7667,'凤飞飞'),(11127,'Beyond'),(5205,'谭咏麟'),(6457,'张国荣'),(3691,'刘德华'),(9621,'王菲'),(5358,'王杰'),(9968,'徐小凤'),(3686,'罗大佑'),(4813,'齐秦'),(2111,'崔健'),(2116,'陈奕迅'),(5782,'许冠杰'),(6456,'周华健'),(8918,'梅艳芳'),(3688,'刘欢'),(9167,'齐豫'),(8336,'林忆莲'),(3698,'罗文'),(10559,'张惠妹'),(7220,'蔡琴'),(5346,'王力宏'),(10594,'甄妮'),(4895,'任贤齐'),(2115,'陈百强'),(6459,'张雨生'),(3684,'林俊杰'),(3683,'李宗盛'),(7225,'陈慧娴'),(8921,'毛阿敏'),(8325,'梁静茹'),(9061,'那英'),(3701,'黎明'),(2852,'郭富城'),(6454,'张信哲'),(3706,'林子祥'),(6468,'郑智化'),(7219,'蔡依林'),(5347,'汪峰'),(10206,'杨钰莹'),(9488,'田震'),(8364,'龙飘飘'),(9945,'萧亚轩'),(10561,'张靓颖'),(4941,'孙楠'),(9103,'欧阳菲菲'),(7570,'邓丽君'),(3718,'刘文正'),(6460,'张学友'),(6452,'周杰伦'),(7667,'凤飞飞'),(11127,'Beyond'),(5205,'谭咏麟'),(6457,'张国荣'),(3691,'刘德华'),(9621,'王菲'),(5358,'王杰'),(9968,'徐小凤'),(3686,'罗大佑'),(4813,'齐秦'),(2111,'崔健'),(2116,'陈奕迅'),(5782,'许冠杰'),(6456,'周华健'),(8918,'梅艳芳'),(3688,'刘欢'),(9167,'齐豫'),(8336,'林忆莲'),(3698,'罗文'),(10559,'张惠妹'),(7220,'蔡琴'),(5346,'王力宏'),(10594,'甄妮'),(4895,'任贤齐'),(2115,'陈百强'),(6459,'张雨生'),(3684,'林俊杰'),(3683,'李宗盛'),(7225,'陈慧娴'),(8921,'毛阿敏'),(8325,'梁静茹'),(9061,'那英'),(3701,'黎明'),(2852,'郭富城'),(6454,'张信哲'),(3706,'林子祥'),(6468,'郑智化'),(7219,'蔡依林'),(5347,'汪峰'),(10206,'杨钰莹'),(9488,'田震'),(8364,'龙飘飘'),(9945,'萧亚轩'),(10561,'张靓颖'),(4941,'孙楠'),(9103,'欧阳菲菲'),(7570,'邓丽君'),(3718,'刘文正'),(6460,'张学友'),(6452,'周杰伦'),(7667,'凤飞飞'),(11127,'Beyond'),(5205,'谭咏麟'),(6457,'张国荣'),(3691,'刘德华'),(9621,'王菲'),(5358,'王杰'),(9968,'徐小凤'),(3686,'罗大佑'),(4813,'齐秦'),(2111,'崔健'),(2116,'陈奕迅'),(5782,'许冠杰'),(6456,'周华健'),(8918,'梅艳芳'),(3688,'刘欢'),(9167,'齐豫'),(8336,'林忆莲'),(3698,'罗文'),(10559,'张惠妹'),(7220,'蔡琴'),(5346,'王力宏'),(10594,'甄妮'),(4895,'任贤齐'),(2115,'陈百强'),(6459,'张雨生'),(3684,'林俊杰'),(3683,'李宗盛'),(7225,'陈慧娴'),(8921,'毛阿敏'),(8325,'梁静茹'),(9061,'那英'),(3701,'黎明'),(2852,'郭富城'),(6454,'张信哲'),(3706,'林子祥'),(6468,'郑智化'),(7219,'蔡依林'),(5347,'汪峰'),(10206,'杨钰莹'),(9488,'田震'),(8364,'龙飘飘'),(9945,'萧亚轩'),(10561,'张靓颖'),(4941,'孙楠'),(9103,'欧阳菲菲');
/*!40000 ALTER TABLE `singer` ENABLE KEYS */;
UNLOCK TABLES;

--
-- Table structure for table `ukpaixingbangzhoubang`
--

DROP TABLE IF EXISTS `ukpaixingbangzhoubang`;
/*!40101 SET @saved_cs_client     = @@character_set_client */;
/*!40101 SET character_set_client = utf8 */;
CREATE TABLE `ukpaixingbangzhoubang` (
  `music_id` int(11) DEFAULT NULL,
  `music_url` varchar(255) DEFAULT NULL,
  `music_name` varchar(255) DEFAULT NULL,
  `music_album` varchar(255) DEFAULT NULL,
  `music_artist` varchar(255) DEFAULT NULL,
  `music_artist_id` int(11) DEFAULT NULL
) ENGINE=InnoDB DEFAULT CHARSET=utf8;
/*!40101 SET character_set_client = @saved_cs_client */;

--
-- Dumping data for table `ukpaixingbangzhoubang`
--

LOCK TABLES `ukpaixingbangzhoubang` WRITE;
/*!40000 ALTER TABLE `ukpaixingbangzhoubang` DISABLE KEYS */;
/*!40000 ALTER TABLE `ukpaixingbangzhoubang` ENABLE KEYS */;
UNLOCK TABLES;

--
-- Table structure for table `wangyiyuanchuanggequbang`
--

DROP TABLE IF EXISTS `wangyiyuanchuanggequbang`;
/*!40101 SET @saved_cs_client     = @@character_set_client */;
/*!40101 SET character_set_client = utf8 */;
CREATE TABLE `wangyiyuanchuanggequbang` (
  `music_id` int(11) DEFAULT NULL,
  `music_url` varchar(255) DEFAULT NULL,
  `music_name` varchar(255) DEFAULT NULL,
  `music_album` varchar(255) DEFAULT NULL,
  `music_artist` varchar(255) DEFAULT NULL,
  `music_artist_id` int(11) DEFAULT NULL
) ENGINE=InnoDB DEFAULT CHARSET=utf8;
/*!40101 SET character_set_client = @saved_cs_client */;

--
-- Dumping data for table `wangyiyuanchuanggequbang`
--

LOCK TABLES `wangyiyuanchuanggequbang` WRITE;
/*!40000 ALTER TABLE `wangyiyuanchuanggequbang` DISABLE KEYS */;
INSERT INTO `wangyiyuanchuanggequbang` VALUES (475073155,'http://music.163.com/song?id=475073155','悟空','悟空 (7分22秒最初完整版)','戴荃',791534),(474574268,'http://music.163.com/song?id=474574268','流浪者','流浪者','丁薇',7536),(474764813,'http://music.163.com/song?id=474764813','U And Me','U And Me','徐梦圆',1142042),(473940122,'http://music.163.com/song?id=473940122','不冷不热 ','不冷不热','Panta.Q',1050465),(475277022,'http://music.163.com/song?id=475277022','莫衷一是','莫衷一是','苏紫旭&The; Paramecia',1045060),(474260449,'http://music.163.com/song?id=474260449','乐生','青鸟与诗-叁','愚青',12109163),(474567606,'http://music.163.com/song?id=474567606','摇啊摇','摇啊摇','赵钶',1032247),(474507670,'http://music.163.com/song?id=474507670','下悬','下悬','小巫师乐队',13370),(475265870,'http://music.163.com/song?id=475265870','这样就很好','这样就很好','李想Evelyn',1047130),(474848696,'http://music.163.com/song?id=474848696','契诺（Acoustic）','契诺','Olivia.S.粟丹',12063036),(470759757,'http://music.163.com/song?id=470759757','不露声色','不露声色','Jam',1071031),(473441409,'http://music.163.com/song?id=473441409','空港曲','空港曲','宋冬野',5073),(475006649,'http://music.163.com/song?id=475006649','千山行','【戏·曲】跨界大戏《文图会》主题歌 - 《千山行》','王珮瑜',9842),(460542191,'http://music.163.com/song?id=460542191','一腔诗意喂了狗','2017（三）','花粥',8103),(458238990,'http://music.163.com/song?id=458238990','玫瑰','嘿，抬头！','贰佰',896894),(475072040,'http://music.163.com/song?id=475072040','倩音流年','倩音流年','慕寒',12413),(465921227,'http://music.163.com/song?id=465921227','大雁','大雁','马頔',4592),(472746454,'http://music.163.com/song?id=472746454','如春娇','如春娇','刘莉旻',12028182),(463157222,'http://music.163.com/song?id=463157222','一如年少模样','一如年少模样','陈鸿宇',1058228),(473740555,'http://music.163.com/song?id=473740555','思美人兮','思美人兮','金玟岐',893259),(447926071,'http://music.163.com/song?id=447926071','成都','无法长大','赵雷',6731),(447926067,'http://music.163.com/song?id=447926067','鼓楼','无法长大','赵雷',6731),(459942286,'http://music.163.com/song?id=459942286','不朽之罪','不朽之罪（ft.双笙）','玄觞',10142),(466327445,'http://music.163.com/song?id=466327445','China-O','China-O','徐梦圆',1142042),(471968269,'http://music.163.com/song?id=471968269','满江红','满江红','王三溥',3669),(474752481,'http://music.163.com/song?id=474752481','路子','路子','Toy王奕',1043093),(473940946,'http://music.163.com/song?id=473940946','等','等','徐大乐',1005028),(448317748,'http://music.163.com/song?id=448317748','嘿，抬头！ ','嘿，抬头！','贰佰',896894),(447925066,'http://music.163.com/song?id=447925066','八十年代的歌','无法长大','赵雷',6731),(467595214,'http://music.163.com/song?id=467595214','去你的撩妹即正义','去你的撩妹即正义','阿肆',7122),(473940941,'http://music.163.com/song?id=473940941','秋城','秋城','丢火车',11370),(469065946,'http://music.163.com/song?id=469065946','玩笑 (Acoustic)','玩笑 (Acoustic)','刘瑞琦',840134),(442315773,'http://music.163.com/song?id=442315773','当我在这里','当我在这里','陈粒',1007170),(462523414,'http://music.163.com/song?id=462523414','妄为','知非','谢春花',1039895),(449578813,'http://music.163.com/song?id=449578813','行歌','一如年少模样','陈鸿宇',1058228),(468878045,'http://music.163.com/song?id=468878045','从夜晚，到清晨','嘿，抬头！','贰佰',896894),(472944295,'http://music.163.com/song?id=472944295','Queendom','Queendom','Vinida (万妮达)',12001060),(466794193,'http://music.163.com/song?id=466794193','半身','半身','燕池',975482),(473740566,'http://music.163.com/song?id=473740566','君是山','《君是山》-2017 戴荃首张个人全创作专辑第一波主打歌','戴荃',791534),(445144811,'http://music.163.com/song?id=445144811','十点半的地铁','第三季中国好歌曲导师大碟——羽泉组','刘锦泽',791054),(463840571,'http://music.163.com/song?id=463840571','好在','好在','陈粒',1007170),(473742028,'http://music.163.com/song?id=473742028','烹爱','烹爱','孙子涵',5103),(445702397,'http://music.163.com/song?id=445702397','饕餮','饕餮','南征北战',189873),(464647435,'http://music.163.com/song?id=464647435','我喜欢','我喜欢','上海彩虹室内合唱团',1199126),(468513150,'http://music.163.com/song?id=468513150','庆祝','庆祝','陈粒',1007170),(443967407,'http://music.163.com/song?id=443967407','短叹','房东的猫','房东的猫',1050282),(458496082,'http://music.163.com/song?id=458496082','心空空','知非','谢春花',1039895),(458496083,'http://music.163.com/song?id=458496083','阿婆说','阿婆说','暗杠',1198010),(467390544,'http://music.163.com/song?id=467390544','旧梦如炽','旧梦如炽','王三溥',3669),(443291931,'http://music.163.com/song?id=443291931','Lonely God','Lonely God','满舒克',188141),(468493996,'http://music.163.com/song?id=468493996','Hey Jude','hey jude','冰块先生',1054040),(454435312,'http://music.163.com/song?id=454435312','美好事物 (2017)','房东的猫','房东的猫',1050282),(464674509,'http://music.163.com/song?id=464674509','远辰落身旁','知非','谢春花',1039895),(464647447,'http://music.163.com/song?id=464647447','平安奇妙物语','平安奇妙物语','泠鸢yousa',1047282),(444269612,'http://music.163.com/song?id=444269612','红豆词','红豆词','好妹妹乐队',711683),(455345723,'http://music.163.com/song?id=455345723','不知归期的故人','房东的猫','房东的猫',1050282),(466332484,'http://music.163.com/song?id=466332484','万能的夜','万能的夜','藤乐队',1102294),(464009752,'http://music.163.com/song?id=464009752','Rocket','Rocket','红花会',1049144),(439122550,'http://music.163.com/song?id=439122550','愿长夜里有人陪你说话','所有的酒，都不如你','鹿先森乐队',1195028),(445464055,'http://music.163.com/song?id=445464055','嫁给我 - 民谣版','嫁给我','不可撤销',900084),(464009745,'http://music.163.com/song?id=464009745','外星人','外星人','满舒克',188141),(444269613,'http://music.163.com/song?id=444269613','雨好','一如年少模样','陈鸿宇',1058228),(473573889,'http://music.163.com/song?id=473573889','南海少年 (民谣版)','南海少年 (民谣版)','安子与九妹',12002183),(439122548,'http://music.163.com/song?id=439122548','失眠','所有的酒，都不如你','鹿先森乐队',1195028),(440464621,'http://music.163.com/song?id=440464621','天高路远','天高路远','南征北战',189873),(453872166,'http://music.163.com/song?id=453872166','秋叙道别时','鱼干铺里','刘昊霖',4171),(468817106,'http://music.163.com/song?id=468817106','梦','梦','刘思涵',784453),(466622524,'http://music.163.com/song?id=466622524','北京以南3','《北京以南》3','曹槽',941023),(439122551,'http://music.163.com/song?id=439122551','晚安','所有的酒，都不如你','鹿先森乐队',1195028),(445703318,'http://music.163.com/song?id=445703318','Dirty Mind (Remix版)','Dirty Mind','Vinida (V妮达)',12001060),(461042495,'http://music.163.com/song?id=461042495','我想带你去美丽的春天（Island Remix）','2017（三）','花粥',8103),(452997361,'http://music.163.com/song?id=452997361','光芒','光芒','程璧',973004),(450041168,'http://music.163.com/song?id=450041168','不如听一首歌','不如听一首歌','好妹妹乐队',711683),(468878304,'http://music.163.com/song?id=468878304','少年弦','少年弦','晓月老板',1138004),(454216034,'http://music.163.com/song?id=454216034','春节自救指南','春节自救指南','上海彩虹室内合唱团',1199126),(471761140,'http://music.163.com/song?id=471761140','像科比一样 (纪念科比退役一周年)','像科比一样 (纪念科比退役一周年)','孟大宝',1050630),(460748665,'http://music.163.com/song?id=460748665','温暖的人','老齐','齐一',1159045),(439122221,'http://music.163.com/song?id=439122221','嘣吧啦','嘣吧啦','安子与九妹',12002183),(471549258,'http://music.163.com/song?id=471549258','云海','《白日游离录》','蔡青年',1158014),(467595303,'http://music.163.com/song?id=467595303','Fire','Marble EP','SIROJ',485886),(440411394,'http://music.163.com/song?id=440411394','一头偶像','在每一条伤心的应天大街上','李志',3681),(440464352,'http://music.163.com/song?id=440464352','在每一条伤心的应天大街上','在每一条伤心的应天大街上','李志',3681),(472948192,'http://music.163.com/song?id=472948192','窗','众乐纪叁·众声起舞','冯翔',1199013),(451279121,'http://music.163.com/song?id=451279121','新生','新生','GALA',11679),(469073823,'http://music.163.com/song?id=469073823','泸沽湖','不爱说话的人','麻园诗人',4556),(458711231,'http://music.163.com/song?id=458711231','妳','NO CLUB','马赛克',12328),(459139613,'http://music.163.com/song?id=459139613','权力与荣耀','权力与荣耀','南征北战',189873),(459159634,'http://music.163.com/song?id=459159634','我所谓的爱 (吉他先行版)','我所谓的爱','邵夷贝',9352),(454132698,'http://music.163.com/song?id=454132698','锁','2017（二）','花粥',8103),(440464353,'http://music.163.com/song?id=440464353','克兰河','在每一条伤心的应天大街上','李志',3681),(439122777,'http://music.163.com/song?id=439122777','回合','回合','金玟岐',893259),(439121043,'http://music.163.com/song?id=439121043','鲜活','鲜活','马雨阳',826336),(462516364,'http://music.163.com/song?id=462516364','每次和你走在路上都会看见一只喵 (Acoustic)','每次和你走在路上都会看见一只喵 (Acoustic)','刘瑞琦',840134),(444524033,'http://music.163.com/song?id=444524033','过期荷尔蒙','过期荷尔蒙','赵照',6729),(456839507,'http://music.163.com/song?id=456839507','Me&Ma; Bros','1993','Toy王奕',1043093),(440241032,'http://music.163.com/song?id=440241032','雀跃的硬骨','雀跃的硬骨','伏仪',12028291),(458412091,'http://music.163.com/song?id=458412091','这才是成都','这才是成都','谢帝',847107),(449818601,'http://music.163.com/song?id=449818601','Fantasy','物女金','Jony J',784257),(460230616,'http://music.163.com/song?id=460230616','Colin Wine\'s Mailbox','鱼干铺里','刘昊霖',4171),(461220097,'http://music.163.com/song?id=461220097','逼格棒','鲁西北Bigbang','烟把儿',1021160);
/*!40000 ALTER TABLE `wangyiyuanchuanggequbang` ENABLE KEYS */;
UNLOCK TABLES;

--
-- Table structure for table `xingebang`
--

DROP TABLE IF EXISTS `xingebang`;
/*!40101 SET @saved_cs_client     = @@character_set_client */;
/*!40101 SET character_set_client = utf8 */;
CREATE TABLE `xingebang` (
  `music_id` int(11) DEFAULT NULL,
  `music_url` varchar(255) DEFAULT NULL,
  `music_name` varchar(255) DEFAULT NULL,
  `music_album` varchar(255) DEFAULT NULL,
  `music_artist` varchar(255) DEFAULT NULL,
  `music_artist_id` int(11) DEFAULT NULL
) ENGINE=InnoDB DEFAULT CHARSET=utf8;
/*!40101 SET character_set_client = @saved_cs_client */;

--
-- Dumping data for table `xingebang`
--

LOCK TABLES `xingebang` WRITE;
/*!40000 ALTER TABLE `xingebang` DISABLE KEYS */;
INSERT INTO `xingebang` VALUES (471385043,'http://music.163.com/song?id=471385043','暧昧','暧昧','薛之谦',5781),(471403427,'http://music.163.com/song?id=471403427','我喜欢上你时的内心活动','我喜欢上你时的内心活动','陈绮贞',7217),(474567044,'http://music.163.com/song?id=474567044','我害怕','我害怕','薛之谦',5781),(475072295,'http://music.163.com/song?id=475072295','清白之年','猎户星座','朴树',4721),(473817398,'http://music.163.com/song?id=473817398','Attention','Attention','Charlie Puth',90331),(475207448,'http://music.163.com/song?id=475207448','I\'m the One ','I\'m the One','DJ Khaled',31273),(470759757,'http://music.163.com/song?id=470759757','不露声色','不露声色','Jam',1071031),(472045959,'http://music.163.com/song?id=472045959','The Cure','The Cure','Lady Gaga',64147),(473873431,'http://music.163.com/song?id=473873431','팔레트','Palette','IU',160947),(472361096,'http://music.163.com/song?id=472361096','Despacito (Remix)','Despacito (Remix)','Luis Fonsi',38154),(28815250,'http://music.163.com/song?id=28815250','平凡之路','猎户星座','朴树',4721),(476428979,'http://music.163.com/song?id=476428979','Eyes Closed','Eyes Closed','Halsey',964321),(475073155,'http://music.163.com/song?id=475073155','悟空','悟空 (7分22秒最初完整版)','戴荃',791534),(474567124,'http://music.163.com/song?id=474567124','半句再见','我想和你唱 第二季 第1期','孙燕姿',9272),(474922552,'http://music.163.com/song?id=474922552','白山茶','白山茶','陈雪凝',12382970),(473571905,'http://music.163.com/song?id=473571905','春风十里不如你','春风十里不如你','李健',3695),(473742112,'http://music.163.com/song?id=473742112','离骚','离骚','易烊千玺',939088),(475254859,'http://music.163.com/song?id=475254859','Issues (Alan Walker Remix)','Issues (Alan Walker Remix)','Julia Michaels',12097049),(472137753,'http://music.163.com/song?id=472137753','我不能忘记你','我不能忘记你','林忆莲',8336),(473441409,'http://music.163.com/song?id=473441409','空港曲','空港曲','宋冬野',5073),(474932841,'http://music.163.com/song?id=474932841','Thunder','Thunder','Imagine Dragons',94779),(442869386,'http://music.163.com/song?id=442869386','Baby ，До свидания','猎户星座','朴树',4721),(473873631,'http://music.163.com/song?id=473873631','gravityWall (TV size)','gravityWall (TV size)','SawanoHiroyuki[nZk]:Tielle & Gemie',0),(473740555,'http://music.163.com/song?id=473740555','思美人兮','思美人兮','金玟岐',893259),(473940413,'http://music.163.com/song?id=473940413','一半一半','一半一半','张碧晨',1024308),(475279382,'http://music.163.com/song?id=475279382','祈愿','祈愿','张艺兴',1047015),(472219504,'http://music.163.com/song?id=472219504','Lust For Life','Lust For Life','Lana Del Rey',66212),(475072467,'http://music.163.com/song?id=475072467','First Time','First Time ','Kygo',844410),(470547656,'http://music.163.com/song?id=470547656','Ignite (Instrumental)','Ignite (Instrumental)','Alan Walker',1045123),(474932921,'http://music.163.com/song?id=474932921','No Vacancy','No Vacancy','OneRepublic',98105),(473602620,'http://music.163.com/song?id=473602620','There\'s Nothing Holdin\' Me Back','There\'s Nothing Holdin\' Me Back','Shawn Mendes',956238),(472361236,'http://music.163.com/song?id=472361236','Galway Girl','Galway Girl','Madilyn Bailey',69270),(475207215,'http://music.163.com/song?id=475207215','Bon Appétit','Bon Appétit','Katy Perry',62888),(475279356,'http://music.163.com/song?id=475279356','有个人','有个人','戚薇',9203),(476323553,'http://music.163.com/song?id=476323553','Moving On','Moving On','Marshmello',1060019),(476428773,'http://music.163.com/song?id=476428773','Slow Hands','Slow Hands','Niall Horan',12132300),(473940244,'http://music.163.com/song?id=473940244','让我留在你身边','2017跨界歌王 第二期','任嘉伦',12274111),(35345951,'http://music.163.com/song?id=35345951','好好地','猎户星座','朴树',4721),(475072040,'http://music.163.com/song?id=475072040','倩音流年','倩音流年','慕寒',12413),(473964449,'http://music.163.com/song?id=473964449','ヒトリゴト','ヒトリゴト (アニメ盤)','ClariS',18961),(470687490,'http://music.163.com/song?id=470687490','Galway Girl (Martin Jensen Remix)','Galway Girl (Martin Jensen Remix)','Ed Sheeran',33184),(476254256,'http://music.163.com/song?id=476254256','你，来替我做个梦','你，来替我做个梦','万晓利',5345),(474932825,'http://music.163.com/song?id=474932825','Quit','9','Cashmere Cat',689024),(471969020,'http://music.163.com/song?id=471969020','Drive My Car','Drive My Car','DEAMN',12047335),(475073467,'http://music.163.com/song?id=475073467','Something Just Like This (Alesso Remix)','Something Just Like This (The Remixes)','The Chainsmokers',893484),(476081712,'http://music.163.com/song?id=476081712','그대로일까','WONDER IF','龙俊亨',196774),(474791932,'http://music.163.com/song?id=474791932','오늘 취하면 (Prod. SUGA)','WINE','Suran',1081589),(470795480,'http://music.163.com/song?id=470795480','Something Just Like This','Something Just Like This','Alex Goot',28690),(475279864,'http://music.163.com/song?id=475279864','Sweet Creature','Sweet Creature','Harry Styles',12355573),(474038112,'http://music.163.com/song?id=474038112','That\'s What I Like (Alan Walker Remix)','That\'s What I Like (Alan Walker Remix)','Bruno Mars',178059),(473941007,'http://music.163.com/song?id=473941007','Alone (Lost Stories Remix)','Alone (Lost Stories Remix)','Lost Stories',12370074),(470736426,'http://music.163.com/song?id=470736426','사랑이 잘','사랑이 잘','IU',160947),(475207742,'http://music.163.com/song?id=475207742','365 FRESH','199X','Triple H',12369104),(474932897,'http://music.163.com/song?id=474932897','Young and Menace','Young and Menace','Fall Out Boy',56782),(474581010,'http://music.163.com/song?id=474581010','BOOM','BOOM','Tiësto',688047),(475279722,'http://music.163.com/song?id=475279722','住在地球晒夕阳','住在地球晒夕阳','朱隽言',12404111),(475254781,'http://music.163.com/song?id=475254781','Cold (Remix)','Cold (Remix)','Maroon 5',96266),(470601889,'http://music.163.com/song?id=470601889','Sign of the Times','Sign of the Times','Harry Styles',12355573),(473964011,'http://music.163.com/song?id=473964011','请你爱我','请你爱我','蔡卓妍',7227),(473440527,'http://music.163.com/song?id=473440527','外愈','外愈','任然',9255),(474567125,'http://music.163.com/song?id=474567125','讲不出再见','我想和你唱 第二季 第1期','谭咏麟',5205),(474764813,'http://music.163.com/song?id=474764813','U And Me','U And Me','徐梦圆',1142042),(473740829,'http://music.163.com/song?id=473740829','雨天','雨天','汪苏泷',5538),(473940122,'http://music.163.com/song?id=473940122','不冷不热 ','不冷不热','Panta.Q',1050465),(471374398,'http://music.163.com/song?id=471374398','随我','随我','华晨宇',861777),(476324536,'http://music.163.com/song?id=476324536','Earn It','Earn It','Fabian Mazur',952248),(475250113,'http://music.163.com/song?id=475250113','少读红楼','少读红楼','Lao干妈',12359437),(469243036,'http://music.163.com/song?id=469243036','Walk Away','Walk Away','LVNDSCAPE',1146024),(460043746,'http://music.163.com/song?id=460043746','Good Goodbye','One More Light','Linkin Park',95439),(474567580,'http://music.163.com/song?id=474567580','远走高飞','Hello 1','金志文',166014),(476323590,'http://music.163.com/song?id=476323590','Chicken Soup','Chicken Soup','Skrillex',43755),(459720339,'http://music.163.com/song?id=459720339','思美人','思美人','张靓颖',10561),(475279370,'http://music.163.com/song?id=475279370','不期而遇','不期而遇','刘惜君',8334),(469744092,'http://music.163.com/song?id=469744092','拿不走的记忆','拿不走的记忆','Dimash Kudaibergen',12274208),(472944176,'http://music.163.com/song?id=472944176','拾光','外科风云 电视剧原声带','杨子',12202288),(473440304,'http://music.163.com/song?id=473440304','My Dear Art','My Dear Art','陈粒',1007170),(475073797,'http://music.163.com/song?id=475073797','失恋阵线联盟','2017跨界歌王 第三期 ','陈建斌',1049979),(476323230,'http://music.163.com/song?id=476323230','弟兄','弟兄','魏晨',5349),(475258052,'http://music.163.com/song?id=475258052','田子坊','田子坊','接个吻，开一枪',12085016),(476081711,'http://music.163.com/song?id=476081711','지나친 사랑은 해로워','WONDER IF','龙俊亨',196774),(469699365,'http://music.163.com/song?id=469699365','慢慢习惯','慢慢习惯','刘德华',3691),(470547653,'http://music.163.com/song?id=470547653','Something Just Like This','Memories...Do Not Open','The Chainsmokers',893484),(475530855,'http://music.163.com/song?id=475530855','不谓侠 —《萧音弥漫》专辑收录曲','不谓侠 —《萧音弥漫》专辑收录曲','萧忆情Alex',1132127),(470547770,'http://music.163.com/song?id=470547770','Hey Ma','The Fate of the Furious: The Album','J Balvin',309127),(475264029,'http://music.163.com/song?id=475264029','Never Let Me Go','Never Let Me Go','Alok',1170012),(475073085,'http://music.163.com/song?id=475073085','对你的感觉','对你的感觉','Dom.T',12399037),(474574054,'http://music.163.com/song?id=474574054','神奇','我想和你唱 第二季 第1期','孙燕姿',9272),(470619767,'http://music.163.com/song?id=470619767','满城雪（燃情版）——《梦幻西游》电脑版剑侠客同人曲','《梦幻西游》电脑版剑侠客同人曲','萧忆情Alex',0),(476323034,'http://music.163.com/song?id=476323034','尖叫之夜','尖叫之夜','许魏洲',12000097),(476443786,'http://music.163.com/song?id=476443786','神之印记','神之印记 ——《神印王座》网页游戏主题曲','伦桑',981141),(476513774,'http://music.163.com/song?id=476513774','琵琶行','琵琶行','奇然',4873),(472746454,'http://music.163.com/song?id=472746454','如春娇','如春娇','刘莉旻',12028182),(476245742,'http://music.163.com/song?id=476245742','Want You Back','Want You Back','Haim',94432),(473940941,'http://music.163.com/song?id=473940941','秋城','秋城','丢火车',11370),(473986777,'http://music.163.com/song?id=473986777','Let\'s Hurt Tonight (BUNT. Remix)','Let\'s Hurt Tonight (BUNT. Remix)','OneRepublic',98105),(469508217,'http://music.163.com/song?id=469508217','3AM','3AM','AGA',768208),(475277317,'http://music.163.com/song?id=475277317','ピースサイン (TV edit.)','ピースサイン (TV edit.)','米津玄師',159300),(475250011,'http://music.163.com/song?id=475250011','直来直往','2017跨界歌王 第三期 ','王珞丹',9772),(475073468,'http://music.163.com/song?id=475073468','Something Just Like This (Don Diablo Remix)','Something Just Like This (The Remixes)','The Chainsmokers',893484);
/*!40000 ALTER TABLE `xingebang` ENABLE KEYS */;
UNLOCK TABLES;

--
-- Table structure for table `yuanchuangbang`
--

DROP TABLE IF EXISTS `yuanchuangbang`;
/*!40101 SET @saved_cs_client     = @@character_set_client */;
/*!40101 SET character_set_client = utf8 */;
CREATE TABLE `yuanchuangbang` (
  `music_id` int(11) DEFAULT NULL,
  `music_url` varchar(255) DEFAULT NULL,
  `music_name` varchar(255) DEFAULT NULL,
  `music_album` varchar(255) DEFAULT NULL,
  `music_artist` varchar(255) DEFAULT NULL,
  `music_artist_id` int(11) DEFAULT NULL
) ENGINE=InnoDB DEFAULT CHARSET=utf8;
/*!40101 SET character_set_client = @saved_cs_client */;

--
-- Dumping data for table `yuanchuangbang`
--

LOCK TABLES `yuanchuangbang` WRITE;
/*!40000 ALTER TABLE `yuanchuangbang` DISABLE KEYS */;
INSERT INTO `yuanchuangbang` VALUES (475073155,'http://music.163.com/song?id=475073155','悟空','悟空 (7分22秒最初完整版)','戴荃',791534),(474574268,'http://music.163.com/song?id=474574268','流浪者','流浪者','丁薇',7536),(474764813,'http://music.163.com/song?id=474764813','U And Me','U And Me','徐梦圆',1142042),(473940122,'http://music.163.com/song?id=473940122','不冷不热 ','不冷不热','Panta.Q',1050465),(475277022,'http://music.163.com/song?id=475277022','莫衷一是','莫衷一是','苏紫旭&The; Paramecia',1045060),(474260449,'http://music.163.com/song?id=474260449','乐生','青鸟与诗-叁','愚青',12109163),(474567606,'http://music.163.com/song?id=474567606','摇啊摇','摇啊摇','赵钶',1032247),(474507670,'http://music.163.com/song?id=474507670','下悬','下悬','小巫师乐队',13370),(475265870,'http://music.163.com/song?id=475265870','这样就很好','这样就很好','李想Evelyn',1047130),(474848696,'http://music.163.com/song?id=474848696','契诺（Acoustic）','契诺','Olivia.S.粟丹',12063036),(470759757,'http://music.163.com/song?id=470759757','不露声色','不露声色','Jam',1071031),(473441409,'http://music.163.com/song?id=473441409','空港曲','空港曲','宋冬野',5073),(475006649,'http://music.163.com/song?id=475006649','千山行','【戏·曲】跨界大戏《文图会》主题歌 - 《千山行》','王珮瑜',9842),(460542191,'http://music.163.com/song?id=460542191','一腔诗意喂了狗','2017（三）','花粥',8103),(458238990,'http://music.163.com/song?id=458238990','玫瑰','嘿，抬头！','贰佰',896894),(475072040,'http://music.163.com/song?id=475072040','倩音流年','倩音流年','慕寒',12413),(465921227,'http://music.163.com/song?id=465921227','大雁','大雁','马頔',4592),(472746454,'http://music.163.com/song?id=472746454','如春娇','如春娇','刘莉旻',12028182),(463157222,'http://music.163.com/song?id=463157222','一如年少模样','一如年少模样','陈鸿宇',1058228),(473740555,'http://music.163.com/song?id=473740555','思美人兮','思美人兮','金玟岐',893259),(447926071,'http://music.163.com/song?id=447926071','成都','无法长大','赵雷',6731),(447926067,'http://music.163.com/song?id=447926067','鼓楼','无法长大','赵雷',6731),(459942286,'http://music.163.com/song?id=459942286','不朽之罪','不朽之罪（ft.双笙）','玄觞',10142),(466327445,'http://music.163.com/song?id=466327445','China-O','China-O','徐梦圆',1142042),(471968269,'http://music.163.com/song?id=471968269','满江红','满江红','王三溥',3669),(474752481,'http://music.163.com/song?id=474752481','路子','路子','Toy王奕',1043093),(473940946,'http://music.163.com/song?id=473940946','等','等','徐大乐',1005028),(448317748,'http://music.163.com/song?id=448317748','嘿，抬头！ ','嘿，抬头！','贰佰',896894),(447925066,'http://music.163.com/song?id=447925066','八十年代的歌','无法长大','赵雷',6731),(467595214,'http://music.163.com/song?id=467595214','去你的撩妹即正义','去你的撩妹即正义','阿肆',7122),(473940941,'http://music.163.com/song?id=473940941','秋城','秋城','丢火车',11370),(469065946,'http://music.163.com/song?id=469065946','玩笑 (Acoustic)','玩笑 (Acoustic)','刘瑞琦',840134),(442315773,'http://music.163.com/song?id=442315773','当我在这里','当我在这里','陈粒',1007170),(462523414,'http://music.163.com/song?id=462523414','妄为','知非','谢春花',1039895),(449578813,'http://music.163.com/song?id=449578813','行歌','一如年少模样','陈鸿宇',1058228),(468878045,'http://music.163.com/song?id=468878045','从夜晚，到清晨','嘿，抬头！','贰佰',896894),(472944295,'http://music.163.com/song?id=472944295','Queendom','Queendom','Vinida (万妮达)',12001060),(466794193,'http://music.163.com/song?id=466794193','半身','半身','燕池',975482),(473740566,'http://music.163.com/song?id=473740566','君是山','《君是山》-2017 戴荃首张个人全创作专辑第一波主打歌','戴荃',791534),(445144811,'http://music.163.com/song?id=445144811','十点半的地铁','第三季中国好歌曲导师大碟——羽泉组','刘锦泽',791054),(463840571,'http://music.163.com/song?id=463840571','好在','好在','陈粒',1007170),(473742028,'http://music.163.com/song?id=473742028','烹爱','烹爱','孙子涵',5103),(445702397,'http://music.163.com/song?id=445702397','饕餮','饕餮','南征北战',189873),(464647435,'http://music.163.com/song?id=464647435','我喜欢','我喜欢','上海彩虹室内合唱团',1199126),(468513150,'http://music.163.com/song?id=468513150','庆祝','庆祝','陈粒',1007170),(443967407,'http://music.163.com/song?id=443967407','短叹','房东的猫','房东的猫',1050282),(458496082,'http://music.163.com/song?id=458496082','心空空','知非','谢春花',1039895),(458496083,'http://music.163.com/song?id=458496083','阿婆说','阿婆说','暗杠',1198010),(467390544,'http://music.163.com/song?id=467390544','旧梦如炽','旧梦如炽','王三溥',3669),(443291931,'http://music.163.com/song?id=443291931','Lonely God','Lonely God','满舒克',188141),(468493996,'http://music.163.com/song?id=468493996','Hey Jude','hey jude','冰块先生',1054040),(454435312,'http://music.163.com/song?id=454435312','美好事物 (2017)','房东的猫','房东的猫',1050282),(464674509,'http://music.163.com/song?id=464674509','远辰落身旁','知非','谢春花',1039895),(464647447,'http://music.163.com/song?id=464647447','平安奇妙物语','平安奇妙物语','泠鸢yousa',1047282),(444269612,'http://music.163.com/song?id=444269612','红豆词','红豆词','好妹妹乐队',711683),(455345723,'http://music.163.com/song?id=455345723','不知归期的故人','房东的猫','房东的猫',1050282),(466332484,'http://music.163.com/song?id=466332484','万能的夜','万能的夜','藤乐队',1102294),(464009752,'http://music.163.com/song?id=464009752','Rocket','Rocket','红花会',1049144),(439122550,'http://music.163.com/song?id=439122550','愿长夜里有人陪你说话','所有的酒，都不如你','鹿先森乐队',1195028),(445464055,'http://music.163.com/song?id=445464055','嫁给我 - 民谣版','嫁给我','不可撤销',900084),(464009745,'http://music.163.com/song?id=464009745','外星人','外星人','满舒克',188141),(444269613,'http://music.163.com/song?id=444269613','雨好','一如年少模样','陈鸿宇',1058228),(473573889,'http://music.163.com/song?id=473573889','南海少年 (民谣版)','南海少年 (民谣版)','安子与九妹',12002183),(439122548,'http://music.163.com/song?id=439122548','失眠','所有的酒，都不如你','鹿先森乐队',1195028),(440464621,'http://music.163.com/song?id=440464621','天高路远','天高路远','南征北战',189873),(453872166,'http://music.163.com/song?id=453872166','秋叙道别时','鱼干铺里','刘昊霖',4171),(468817106,'http://music.163.com/song?id=468817106','梦','梦','刘思涵',784453),(466622524,'http://music.163.com/song?id=466622524','北京以南3','《北京以南》3','曹槽',941023),(439122551,'http://music.163.com/song?id=439122551','晚安','所有的酒，都不如你','鹿先森乐队',1195028),(445703318,'http://music.163.com/song?id=445703318','Dirty Mind (Remix版)','Dirty Mind','Vinida (V妮达)',12001060),(461042495,'http://music.163.com/song?id=461042495','我想带你去美丽的春天（Island Remix）','2017（三）','花粥',8103),(452997361,'http://music.163.com/song?id=452997361','光芒','光芒','程璧',973004),(450041168,'http://music.163.com/song?id=450041168','不如听一首歌','不如听一首歌','好妹妹乐队',711683),(468878304,'http://music.163.com/song?id=468878304','少年弦','少年弦','晓月老板',1138004),(454216034,'http://music.163.com/song?id=454216034','春节自救指南','春节自救指南','上海彩虹室内合唱团',1199126),(471761140,'http://music.163.com/song?id=471761140','像科比一样 (纪念科比退役一周年)','像科比一样 (纪念科比退役一周年)','孟大宝',1050630),(460748665,'http://music.163.com/song?id=460748665','温暖的人','老齐','齐一',1159045),(439122221,'http://music.163.com/song?id=439122221','嘣吧啦','嘣吧啦','安子与九妹',12002183),(471549258,'http://music.163.com/song?id=471549258','云海','《白日游离录》','蔡青年',1158014),(467595303,'http://music.163.com/song?id=467595303','Fire','Marble EP','SIROJ',485886),(440411394,'http://music.163.com/song?id=440411394','一头偶像','在每一条伤心的应天大街上','李志',3681),(440464352,'http://music.163.com/song?id=440464352','在每一条伤心的应天大街上','在每一条伤心的应天大街上','李志',3681),(472948192,'http://music.163.com/song?id=472948192','窗','众乐纪叁·众声起舞','冯翔',1199013),(451279121,'http://music.163.com/song?id=451279121','新生','新生','GALA',11679),(469073823,'http://music.163.com/song?id=469073823','泸沽湖','不爱说话的人','麻园诗人',4556),(458711231,'http://music.163.com/song?id=458711231','妳','NO CLUB','马赛克',12328),(459139613,'http://music.163.com/song?id=459139613','权力与荣耀','权力与荣耀','南征北战',189873),(459159634,'http://music.163.com/song?id=459159634','我所谓的爱 (吉他先行版)','我所谓的爱','邵夷贝',9352),(454132698,'http://music.163.com/song?id=454132698','锁','2017（二）','花粥',8103),(440464353,'http://music.163.com/song?id=440464353','克兰河','在每一条伤心的应天大街上','李志',3681),(439122777,'http://music.163.com/song?id=439122777','回合','回合','金玟岐',893259),(439121043,'http://music.163.com/song?id=439121043','鲜活','鲜活','马雨阳',826336),(462516364,'http://music.163.com/song?id=462516364','每次和你走在路上都会看见一只喵 (Acoustic)','每次和你走在路上都会看见一只喵 (Acoustic)','刘瑞琦',840134),(444524033,'http://music.163.com/song?id=444524033','过期荷尔蒙','过期荷尔蒙','赵照',6729),(456839507,'http://music.163.com/song?id=456839507','Me&Ma; Bros','1993','Toy王奕',1043093),(440241032,'http://music.163.com/song?id=440241032','雀跃的硬骨','雀跃的硬骨','伏仪',12028291),(458412091,'http://music.163.com/song?id=458412091','这才是成都','这才是成都','谢帝',847107),(449818601,'http://music.163.com/song?id=449818601','Fantasy','物女金','Jony J',784257),(460230616,'http://music.163.com/song?id=460230616','Colin Wine\'s Mailbox','鱼干铺里','刘昊霖',4171),(461220097,'http://music.163.com/song?id=461220097','逼格棒','鲁西北Bigbang','烟把儿',1021160);
/*!40000 ALTER TABLE `yuanchuangbang` ENABLE KEYS */;
UNLOCK TABLES;

--
-- Table structure for table `yunyinleacgyinlebang`
--

DROP TABLE IF EXISTS `yunyinleacgyinlebang`;
/*!40101 SET @saved_cs_client     = @@character_set_client */;
/*!40101 SET character_set_client = utf8 */;
CREATE TABLE `yunyinleacgyinlebang` (
  `music_id` int(11) DEFAULT NULL,
  `music_url` varchar(255) DEFAULT NULL,
  `music_name` varchar(255) DEFAULT NULL,
  `music_album` varchar(255) DEFAULT NULL,
  `music_artist` varchar(255) DEFAULT NULL,
  `music_artist_id` int(11) DEFAULT NULL
) ENGINE=InnoDB DEFAULT CHARSET=utf8;
/*!40101 SET character_set_client = @saved_cs_client */;

--
-- Dumping data for table `yunyinleacgyinlebang`
--

LOCK TABLES `yunyinleacgyinlebang` WRITE;
/*!40000 ALTER TABLE `yunyinleacgyinlebang` DISABLE KEYS */;
/*!40000 ALTER TABLE `yunyinleacgyinlebang` ENABLE KEYS */;
UNLOCK TABLES;

--
-- Table structure for table `yunyinlebiaoshengbang`
--

DROP TABLE IF EXISTS `yunyinlebiaoshengbang`;
/*!40101 SET @saved_cs_client     = @@character_set_client */;
/*!40101 SET character_set_client = utf8 */;
CREATE TABLE `yunyinlebiaoshengbang` (
  `music_id` int(11) DEFAULT NULL,
  `music_url` varchar(255) DEFAULT NULL,
  `music_name` varchar(255) DEFAULT NULL,
  `music_album` varchar(255) DEFAULT NULL,
  `music_artist` varchar(255) DEFAULT NULL,
  `music_artist_id` int(11) DEFAULT NULL
) ENGINE=InnoDB DEFAULT CHARSET=utf8;
/*!40101 SET character_set_client = @saved_cs_client */;

--
-- Dumping data for table `yunyinlebiaoshengbang`
--

LOCK TABLES `yunyinlebiaoshengbang` WRITE;
/*!40000 ALTER TABLE `yunyinlebiaoshengbang` DISABLE KEYS */;
INSERT INTO `yunyinlebiaoshengbang` VALUES (476428979,'http://music.163.com/song?id=476428979','Eyes Closed','Eyes Closed','Halsey',964321),(475254859,'http://music.163.com/song?id=475254859','Issues (Alan Walker Remix)','Issues (Alan Walker Remix)','Julia Michaels',12097049),(463157222,'http://music.163.com/song?id=463157222','一如年少模样','一如年少模样','陈鸿宇',1058228),(468878045,'http://music.163.com/song?id=468878045','从夜晚，到清晨','嘿，抬头！','贰佰',896894),(476428979,'http://music.163.com/song?id=476428979','Eyes Closed','Eyes Closed','Halsey',964321),(475254859,'http://music.163.com/song?id=475254859','Issues (Alan Walker Remix)','Issues (Alan Walker Remix)','Julia Michaels',12097049),(463157222,'http://music.163.com/song?id=463157222','一如年少模样','一如年少模样','陈鸿宇',1058228),(468878045,'http://music.163.com/song?id=468878045','从夜晚，到清晨','嘿，抬头！','贰佰',896894),(473602861,'http://music.163.com/song?id=473602861','Father and Son','Guardians of the Galaxy: Awesome Mix, Vol. 2 (Original Motion Picture Soundtrack)','Cat Stevens',29963),(469065946,'http://music.163.com/song?id=469065946','玩笑 (Acoustic)','玩笑 (Acoustic)','刘瑞琦',840134),(476428773,'http://music.163.com/song?id=476428773','Slow Hands','Slow Hands','Niall Horan',12132300),(473602850,'http://music.163.com/song?id=473602850','Mr. Blue Sky','Guardians of the Galaxy: Awesome Mix, Vol. 2 (Original Motion Picture Soundtrack)','Electric Light Orchestra',32700),(471385043,'http://music.163.com/song?id=471385043','暧昧','暧昧','薛之谦',5781),(473602853,'http://music.163.com/song?id=473602853','The Chain','Guardians of the Galaxy: Awesome Mix, Vol. 2 (Original Motion Picture Soundtrack)','Fleetwood Mac',56788),(475072295,'http://music.163.com/song?id=475072295','清白之年','猎户星座','朴树',4721),(476323553,'http://music.163.com/song?id=476323553','Moving On','Moving On','Marshmello',1060019),(466122659,'http://music.163.com/song?id=466122659','Good Life','The Fate of the Furious: The Album','G-Eazy',820036),(475254781,'http://music.163.com/song?id=475254781','Cold (Remix)','Cold (Remix)','Maroon 5',96266),(466817620,'http://music.163.com/song?id=466817620','忘记拥抱 (Live)','声吶 Live','A-Lin',7063),(472141642,'http://music.163.com/song?id=472141642','我爱你','我爱你','税子洺',12122233),(411921863,'http://music.163.com/song?id=411921863','孤','孤','蔡照',1132979),(470687490,'http://music.163.com/song?id=470687490','Galway Girl (Martin Jensen Remix)','Galway Girl (Martin Jensen Remix)','Ed Sheeran',33184),(475279370,'http://music.163.com/song?id=475279370','不期而遇','不期而遇','刘惜君',8334),(475207448,'http://music.163.com/song?id=475207448','I\'m the One ','I\'m the One','DJ Khaled',31273),(448184048,'http://music.163.com/song?id=448184048','化身孤岛的鲸','翻唱','不才',961358),(458725081,'http://music.163.com/song?id=458725081','Where Is Your Love','Where Is Your Love','J. Lisk',12121101),(475264029,'http://music.163.com/song?id=475264029','Never Let Me Go','Never Let Me Go','Alok',1170012),(476324536,'http://music.163.com/song?id=476324536','Earn It','Earn It','Fabian Mazur',952248),(476323590,'http://music.163.com/song?id=476323590','Chicken Soup','Chicken Soup','Skrillex',43755),(473817398,'http://music.163.com/song?id=473817398','Attention','Attention','Charlie Puth',90331),(470736867,'http://music.163.com/song?id=470736867','随便你','随便你','G.G(张思源）',12050057),(419374177,'http://music.163.com/song?id=419374177','带我走（Live）','Live','威士忌的碎冰',12002248),(468878693,'http://music.163.com/song?id=468878693','给陌生女孩的歌','给陌生女孩的歌','何洁',7907),(458238990,'http://music.163.com/song?id=458238990','玫瑰','嘿，抬头！','贰佰',896894),(474567606,'http://music.163.com/song?id=474567606','摇啊摇','摇啊摇','赵钶',1032247),(476618833,'http://music.163.com/song?id=476618833','破晓（Cookie组合版）','破晓','Cool',0),(473940413,'http://music.163.com/song?id=473940413','一半一半','一半一半','张碧晨',1024308),(472045959,'http://music.163.com/song?id=472045959','The Cure','The Cure','Lady Gaga',64147),(475279813,'http://music.163.com/song?id=475279813','Dangal','摔跤吧！爸爸 电影原声带','Various Artists',104700),(476513774,'http://music.163.com/song?id=476513774','琵琶行','琵琶行','奇然',4873),(475277998,'http://music.163.com/song?id=475277998','思美人','思美人','毛泽少',1007158),(474922552,'http://music.163.com/song?id=474922552','白山茶','白山茶','陈雪凝',12382970),(439915614,'http://music.163.com/song?id=439915614','刚好遇见你','刚好遇见你','李玉刚',4130),(469889836,'http://music.163.com/song?id=469889836','Glow','Glow','千坂',12138261),(423104061,'http://music.163.com/song?id=423104061','天蝎','某个集团','威士忌的碎冰',12002248),(447926071,'http://music.163.com/song?id=447926071','成都','无法长大','赵雷',6731),(471969020,'http://music.163.com/song?id=471969020','Drive My Car','Drive My Car','DEAMN',12047335),(411315504,'http://music.163.com/song?id=411315504','How To Love (Original Mix)','How To Love','Cash Cash',50905),(475254553,'http://music.163.com/song?id=475254553','Despacito (Major Lazer & MOSKA Remix)','Despacito (Major Lazer & MOSKA Remix)','Luis Fonsi',38154),(451703096,'http://music.163.com/song?id=451703096','Shape of You','Shape Of You','Ed Sheeran',33184),(475073797,'http://music.163.com/song?id=475073797','失恋阵线联盟','2017跨界歌王 第三期 ','陈建斌',1049979),(476609109,'http://music.163.com/song?id=476609109','Ultralife (Acoustic Version)','Ultralife (Acoustic Version)','Oh Wonder',1050128),(464674471,'http://music.163.com/song?id=464674471','Taped Up Heart (SIIN Remix)','Taped Up Heart (SIIN Remix)','SIIN',12096271),(419646629,'http://music.163.com/song?id=419646629','喜剧','喜剧','梁博',166010),(461544157,'http://music.163.com/song?id=461544157','Love Yourself','BRIT Awards 2017','Justin Bieber',35531),(476324524,'http://music.163.com/song?id=476324524','Hunter','Hunter','Galantis',851397),(476323620,'http://music.163.com/song?id=476323620','Mama','Mama','Jonas Blue',1192069),(472752184,'http://music.163.com/song?id=472752184','勇敢说再见','勇敢说再见','张宇',6469),(476599579,'http://music.163.com/song?id=476599579','木村弓 - always with me','《千与千寻》always with me','许飞',9941),(470759455,'http://music.163.com/song?id=470759455','失落的缘','失落的缘','谭维维',9489),(476612168,'http://music.163.com/song?id=476612168','风之息','风之息','五色石南叶',5678),(470547668,'http://music.163.com/song?id=470547668','原来的你','同在','小宇',5776),(449577640,'http://music.163.com/song?id=449577640','心藏','心藏','张继科',12186010),(475072197,'http://music.163.com/song?id=475072197','梦诛缘·春生','梦诛缘·春生','戚薇',9203),(35447132,'http://music.163.com/song?id=35447132','勋章','勋章','鹿晗',1038093),(468517654,'http://music.163.com/song?id=468517654','动物世界','动物世界','薛之谦',5781),(473941007,'http://music.163.com/song?id=473941007','Alone (Lost Stories Remix)','Alone (Lost Stories Remix)','Lost Stories',12370074),(439122551,'http://music.163.com/song?id=439122551','晚安','所有的酒，都不如你','鹿先森乐队',1195028),(37196629,'http://music.163.com/song?id=37196629','不为谁而作的歌','不为谁而作的歌','林俊杰',3684),(476415950,'http://music.163.com/song?id=476415950','Are You Sure? (Acoustic Version)','Are You Sure? (Acoustic Version)','Kris Kross Amsterdam',1094081),(471754754,'http://music.163.com/song?id=471754754','我们','我们','黄玠',3070),(472361236,'http://music.163.com/song?id=472361236','Galway Girl','Galway Girl','Madilyn Bailey',69270),(426852503,'http://music.163.com/song?id=426852503','放不过自己 ','JTW西游记 (GOLD)','方大同',2738),(461347998,'http://music.163.com/song?id=461347998','Something Just Like This','Something Just Like This','The Chainsmokers',893484),(468513829,'http://music.163.com/song?id=468513829','说散就散','说散就散','JC',12347360),(471763629,'http://music.163.com/song?id=471763629','分享快乐','分享快乐','韦礼安',5379),(466327445,'http://music.163.com/song?id=466327445','China-O','China-O','徐梦圆',1142042),(476323571,'http://music.163.com/song?id=476323571','My Symphony','My Symphony','Armin van Buuren',27621),(476324616,'http://music.163.com/song?id=476324616','Yunomi - ハッピーライフ','ハッピーライフ','Yunomi',1025016),(475279814,'http://music.163.com/song?id=475279814','Haanikaarak Bapu','摔跤吧！爸爸 电影原声带','Various Artists',104700),(468490178,'http://music.163.com/song?id=468490178','The One','The One','The Chainsmokers',893484),(476323636,'http://music.163.com/song?id=476323636','後遺症ロマンス','後遺症ロマンス','Yunomi',1025016),(473817846,'http://music.163.com/song?id=473817846','你是我心内的一首歌','2017跨界歌王 第二期','姚晨',10445),(466122271,'http://music.163.com/song?id=466122271','高尚','高尚','薛之谦',5781),(475581506,'http://music.163.com/song?id=475581506','给你','给你','沈三北本人',12344573),(472361096,'http://music.163.com/song?id=472361096','Despacito (Remix)','Despacito (Remix)','Luis Fonsi',38154),(467166503,'http://music.163.com/song?id=467166503','Circles','Circles','Loé',12334353),(36117863,'http://music.163.com/song?id=36117863','生活就这样','生活就这样','刘俊男',1160147),(476569153,'http://music.163.com/song?id=476569153','Light My Body Up (Cedric Gervais Remix)','Light My Body Up (Cedric Gervais Remix)','David Guetta',31211),(34364449,'http://music.163.com/song?id=34364449','Fast Car (Cali Remix)','Fast Car (Cali Remix)','Cali',1182738),(473986575,'http://music.163.com/song?id=473986575','Firefly','Firefly','Nao',125706),(412319591,'http://music.163.com/song?id=412319591','狂恋你','某个集团','威士忌的碎冰',12002248),(472137750,'http://music.163.com/song?id=472137750','自我崇拜','旅程','魏晨',5349),(459066182,'http://music.163.com/song?id=459066182','Emoji','Emoji','Albert Dyrlund',12279652),(476324674,'http://music.163.com/song?id=476324674','너란 이유','맨투맨 OST Part.3','许阁',125000),(476323638,'http://music.163.com/song?id=476323638','太多 (Piano)','太多','饶威',12355767),(468517666,'http://music.163.com/song?id=468517666','失恋重修手册','失恋重修手册','税子洺',12122233),(34899492,'http://music.163.com/song?id=34899492','热带雨林(live)','热门华语280','S.H.E',12709),(31445772,'http://music.163.com/song?id=31445772','理想三旬','浓烟下的诗歌电台','陈鸿宇',1058228),(444269135,'http://music.163.com/song?id=444269135','Alone','Alone','Alan Walker',1045123),(401723037,'http://music.163.com/song?id=401723037','野子','我是歌手第四季 第3期','苏运莹',1193259),(476609184,'http://music.163.com/song?id=476609184','Eyes Closed','Eyes Closed','Tyga',45033),(467599383,'http://music.163.com/song?id=467599383','看透以后','看透以后','音阙诗听',12174521);
/*!40000 ALTER TABLE `yunyinlebiaoshengbang` ENABLE KEYS */;
UNLOCK TABLES;

--
-- Table structure for table `yunyinledianyinbang`
--

DROP TABLE IF EXISTS `yunyinledianyinbang`;
/*!40101 SET @saved_cs_client     = @@character_set_client */;
/*!40101 SET character_set_client = utf8 */;
CREATE TABLE `yunyinledianyinbang` (
  `music_id` int(11) DEFAULT NULL,
  `music_url` varchar(255) DEFAULT NULL,
  `music_name` varchar(255) DEFAULT NULL,
  `music_album` varchar(255) DEFAULT NULL,
  `music_artist` varchar(255) DEFAULT NULL,
  `music_artist_id` int(11) DEFAULT NULL
) ENGINE=InnoDB DEFAULT CHARSET=utf8;
/*!40101 SET character_set_client = @saved_cs_client */;

--
-- Dumping data for table `yunyinledianyinbang`
--

LOCK TABLES `yunyinledianyinbang` WRITE;
/*!40000 ALTER TABLE `yunyinledianyinbang` DISABLE KEYS */;
INSERT INTO `yunyinledianyinbang` VALUES (476323590,'http://music.163.com/song?id=476323590','Chicken Soup','Chicken Soup','Skrillex',43755),(476611019,'http://music.163.com/song?id=476611019','Struggle ft. Woolymammoth & Jimmy Pé','Struggle ft. Woolymammoth & Jimmy Pé','Anti-General',1007061),(476297950,'http://music.163.com/song?id=476297950','Stand By You','Stand By You','Hazy',1138036),(476126660,'http://music.163.com/song?id=476126660','相逢一醉是前缘','相逢一醉是前缘','Toby Davis',1050530),(475841402,'http://music.163.com/song?id=475841402','Swimful - Pearls (3ASiC Edit)','Pearls (3ASiC Edit)','3ASiC',818573),(475906760,'http://music.163.com/song?id=475906760','Stars (feat. Eileen Jaime)','Stars','Rozay',12346737),(475222308,'http://music.163.com/song?id=475222308','D.va爱你哟(Original Mix)-阿洋AyOuNg','D.va爱你哟-阿洋AyOuNg','阿洋AyOuNg',1211050),(474922837,'http://music.163.com/song?id=474922837','CHAOS','CHAOS','Nellee',1039882),(474923350,'http://music.163.com/song?id=474923350','9th Beat 0.5 XFD','9th Beat 0.5 XFD','9th Beat (S9ryne)',0),(474574440,'http://music.163.com/song?id=474574440','God\'s Love (OriginalMix)','Music Is My Life','Lindburgeon',1087199),(474574430,'http://music.163.com/song?id=474574430','几百遍 (M&K; Remix)','几百遍 (M&K; Remix)','刘至佳',1172023),(474567527,'http://music.163.com/song?id=474567527','Slowly (Original Mix)','Music Is My Life','DJHRC',0),(474776544,'http://music.163.com/song?id=474776544','KSHMR FT. Sidnie Tipton - Wildcard (Nacid Bootleg Remix)(Edit)','Remix My Life Project Pt.2:Wildcard Remix','Nacid',1019357),(474447810,'http://music.163.com/song?id=474447810','Galactic dust(muchlai remix)','Galactic dust(muchlai remix)','muchlai',1194057),(473918266,'http://music.163.com/song?id=473918266','Black Diablos','Black Diablos','Anti-General',1007061),(473954586,'http://music.163.com/song?id=473954586','Summer Love（Original Mix）','Summer Love（Original Mix）','DiESi',12001195),(470573884,'http://music.163.com/song?id=470573884','Creepy','An Opent Attack Vol.1','Wave5teps',12276065),(470736019,'http://music.163.com/song?id=470736019','Lights & Beats','An Opent Attack Vol.1','Lindburgeon',1087199),(427542460,'http://music.163.com/song?id=427542460','No Sleep (Extended Mix)','No Sleep','Blasterjaxx',711692),(429482327,'http://music.163.com/song?id=429482327','Smino Flow','Smino Flow','Palette',12053131);
/*!40000 ALTER TABLE `yunyinledianyinbang` ENABLE KEYS */;
UNLOCK TABLES;

--
-- Table structure for table `yunyinlegudianyinlebang`
--

DROP TABLE IF EXISTS `yunyinlegudianyinlebang`;
/*!40101 SET @saved_cs_client     = @@character_set_client */;
/*!40101 SET character_set_client = utf8 */;
CREATE TABLE `yunyinlegudianyinlebang` (
  `music_id` int(11) DEFAULT NULL,
  `music_url` varchar(255) DEFAULT NULL,
  `music_name` varchar(255) DEFAULT NULL,
  `music_album` varchar(255) DEFAULT NULL,
  `music_artist` varchar(255) DEFAULT NULL,
  `music_artist_id` int(11) DEFAULT NULL
) ENGINE=InnoDB DEFAULT CHARSET=utf8;
/*!40101 SET character_set_client = @saved_cs_client */;

--
-- Dumping data for table `yunyinlegudianyinlebang`
--

LOCK TABLES `yunyinlegudianyinlebang` WRITE;
/*!40000 ALTER TABLE `yunyinlegudianyinlebang` DISABLE KEYS */;
INSERT INTO `yunyinlegudianyinlebang` VALUES (1698603,'http://music.163.com/song?id=1698603','Unaccompanied Cello Suite No. 1 in G Major, BWV 1007: Prélude (Instrumental) - instrumental','Bach: Cello Suites Nos. 1, 5 & 6','Yo-Yo Ma',38858),(5211607,'http://music.163.com/song?id=5211607','Vivaldi: Sinfonia in C, RV 116 I','Baroque Favorites','Various Artists',104700),(5264841,'http://music.163.com/song?id=5264841','拉德斯基进行曲','惠威T200A试音碟','卡拉扬',223972),(75142,'http://music.163.com/song?id=75142','莫扎特小夜曲','彻夜未眠VOL.2','陈小平',2323),(25730581,'http://music.163.com/song?id=25730581','Piano Concerto No.2 in C Minor, Op. 18 - Moderato','Rachmaninoff Piano Concerto No.2 Piano Concerto No.3','Byron Janis',144184),(5276809,'http://music.163.com/song?id=5276809','军队进行曲','史上最优美钢琴小品精华','舒伯特',33363),(5052701,'http://music.163.com/song?id=5052701','Symphony No. 25 in G Minor, K. 183: 1st Movement (As Used in the Film,','Amadeus','Wolfgang Amadeus Mozart',804174),(22006389,'http://music.163.com/song?id=22006389','Schumann: Kinderszenen, Op.15 - 7. Träumerei','Horowitz the Poet','Vladimir Horowitz',45688),(25729602,'http://music.163.com/song?id=25729602','月光 (德彪西)','Worlds Masterpices of Classical Music 3 - Love\'s Dream','Various Artists',104700),(25954848,'http://music.163.com/song?id=25954848','L\'Estro Armonico No. 4 in E Minor II. Allegro assai','L\' estro Armonico（CD1）','维瓦尔第',28510),(5211599,'http://music.163.com/song?id=5211599','Purcell: Incidental Music to Ablelazar III','Baroque Favorites','Various Artists',104700),(25830063,'http://music.163.com/song?id=25830063','《费加罗的婚礼》序曲 (莫扎特)','The Great Overture In Western Music - The Series Of Classic Music V','Various Artists',104700),(34516403,'http://music.163.com/song?id=34516403','G弦之歌','The Great Empire Classics 05 The Art Of Violin','巴赫',36490),(342047,'http://music.163.com/song?id=342047','Aria','ZHU XIAO-MEI - J.S. Bach ~ Variations Goldberg','朱晓玫',10880),(5211613,'http://music.163.com/song?id=5211613','Vivaldi: Trio Sonata in G minor IV','Baroque Favorites','Various Artists',104700),(28762977,'http://music.163.com/song?id=28762977','Downton Abbey Theme','Downton Abbey Theme','Taylor Davis',854215),(25731583,'http://music.163.com/song?id=25731583','瓦格纳歌剧《女武神》场景音乐“女武神之骑行”','激动人心的瞬间(13)','群星',122455),(31365689,'http://music.163.com/song?id=31365689','贝多芬第九交响曲第四乐章《欢乐颂》 (选段)','雨果发烧碟17','群星',122455),(25961663,'http://music.163.com/song?id=25961663','Nessun Dorma','Carreras · Domingo · Pavarotti: The Three Tenors in Concert','Luciano Pavarotti',38122),(1649886,'http://music.163.com/song?id=1649886','Di Capua: \'O sole mio','Pavarotti & Friends 2','Luciano Pavarotti',38122),(5180136,'http://music.163.com/song?id=5180136','Fur Elise','A Piano Weekend','贝多芬',38731),(27202681,'http://music.163.com/song?id=27202681','Moonlight Sonata','A Selection of Classical Highlights from The Great Composers','贝多芬',38731),(25954852,'http://music.163.com/song?id=25954852','L\'Estro Armonico No. 9 in D Major III. Allegro','L\' estro Armonico（CD1）','维瓦尔第',28510),(2852200,'http://music.163.com/song?id=2852200','BWV 1041, (Allegro moderato)','Bach Concertos','Julia Fischer',62310),(22410721,'http://music.163.com/song?id=22410721','Concerto for recorder in Cmajor Op.44 No.11','50 Best Baroque','Crispian Steele-Perkins',886147),(28631313,'http://music.163.com/song?id=28631313','Mozart: The Magic Flute, Queen of the Night - Aria N° 14','Murmurs of Earth','Edda Moser',222484),(29087744,'http://music.163.com/song?id=29087744','Franz Liszt: Hungarian Rhapsodies S.244 - No.2 in C sharp minor / F sharp major, with cadenza for Toni Raab: Rapsodie hongroise II','Liszt: The Complete Music for Solo Piano, Vol.57 - Hungarian Rhapsodies','弗朗茨·李斯特',33646),(5173081,'http://music.163.com/song?id=5173081','Nocturne No.2 in E flat, Op.9 No.2','Ultimate Chopin: The Essential Masterpieces','Vladimir Ashkenazy',45746),(25830129,'http://music.163.com/song?id=25830129','降E大调夜曲 (肖邦)','世界著名交响乐团演奏的古典音乐系列之二 世界著名婚礼音乐','群星',122455),(34614005,'http://music.163.com/song?id=34614005','G大調第一號無伴奏大提琴組曲','最新热歌慢摇111','巴赫',36490),(28357876,'http://music.163.com/song?id=28357876','La primavera - I. Allegro','The Four Seasons','维瓦尔第',28510),(26818410,'http://music.163.com/song?id=26818410','Impromptu Nr. 4 cis-moll, Op.66 \'Fantaisie-Impromptu\'','Favourite Piano Pieces','肖邦',33737),(29800987,'http://music.163.com/song?id=29800987','莫扎特[小步舞曲]','小提琴教学通用钢琴伴奏VOL4','群星',122455),(5211615,'http://music.163.com/song?id=5211615','Vivaldi: Concerto in E-flat, RV 515 I','Baroque Favorites','Various Artists',104700),(26494404,'http://music.163.com/song?id=26494404','Sinfonia - I Allegro Molto','Pachelbel: Canon & Gigue','Trevor Pinnock',45271),(26395629,'http://music.163.com/song?id=26395629','Better Tomorrow','Better Tomorrow - Single','Tina Guo',465855),(33638506,'http://music.163.com/song?id=33638506','Johann Sebastian Bach: Orchestersuite Nr. 2 h-moll, BWV1067 - Polonaise','Complete Recordings on Deutsche Grammophon (Vol. 2.5 1959-1965)','Herbert von Karajan',1041054),(457775423,'http://music.163.com/song?id=457775423','巴赫：G弦上的咏叹调（数字录音）','古典音乐精选集','土星皇家交响乐团',12226927),(33638486,'http://music.163.com/song?id=33638486','Antonín Dvořák: Symphonie Nr. 9 e-moll, Op. 95, \'Aus der Neuen Welt\' - Allegro con fuoco','Complete Recordings on Deutsche Grammophon (Vol. 2.5 1959-1965)','Herbert von Karajan',1041054),(5127576,'http://music.163.com/song?id=5127576','Greensleeves','Arias Ancora','Rosalind McAllister',0),(21296414,'http://music.163.com/song?id=21296414','Sérénade De Schubert','Les Triomphes De Nana Mouskouri','Nana Mouskouri',69334),(5251164,'http://music.163.com/song?id=5251164','Mendelssohn: Wedding March','超完美婚礼','Felix Mendelssohn',129782),(1779372,'http://music.163.com/song?id=1779372','Beethoven - Piano Sonata No. 17 in D minor (‘Tempest’), Op. 31/2: Allegretto','Maurizio Pollini Edition','Maurizio Pollini',40049),(16254446,'http://music.163.com/song?id=16254446','Schubert: 4 Impromptus Op.142, D.935 - No.3 in B flat: Theme (Andante) with Variations','Schubert: The Complete Impromptus/Moments Musicaux','Alfred Brendel',28718),(5211609,'http://music.163.com/song?id=5211609','Vivaldi: Sinfonia in C, RV 116 III','Baroque Favorites','Various Artists',104700),(5211588,'http://music.163.com/song?id=5211588','Hadel: Entrance of the Queen of Sheba','Baroque Favorites','Various Artists',104700),(5211604,'http://music.163.com/song?id=5211604','Teleman: Suite from Tafelmusik Book 3 I','Baroque Favorites','Various Artists',104700),(5251165,'http://music.163.com/song?id=5251165','Wagner: Wedding March','超完美婚礼','威廉.理查德.瓦格纳',46138),(5259484,'http://music.163.com/song?id=5259484','G大调弦乐小夜曲 K.525 第一乐章快板','Supreme Stereo Sound No.4 Nihtingale','群星',122455),(32737607,'http://music.163.com/song?id=32737607','Robert Schumann: Kinderszenen, Op.15 - VII. Träumerei (Arr. Christopher Palmer for Cello and Orchestra)','Ultimate Cello Classics: The Essential Masterpieces','Julian Lloyd Webber',37296),(25961283,'http://music.163.com/song?id=25961283','Nocturne No. 2, Op. 9 in E-flat','The Chopin Collection: The Nocturnes No.2','Artur Rubinstein',130026),(1779300,'http://music.163.com/song?id=1779300','Mozart - Concerto for Piano and Orchestra No.23 in A major,K.488 - Allegro assa','Maurizio Pollini Edition','Maurizio Pollini',40049),(415086113,'http://music.163.com/song?id=415086113','致爱丽丝 (管弦乐版)','A krone','LegendMonster',12050067),(25935317,'http://music.163.com/song?id=25935317','Concerto Op. 9 No 4 in E major RV263a, 3. Allegro non molto.flac','Vivaldi The Masterworks','维瓦尔第',28510),(28357878,'http://music.163.com/song?id=28357878','La primavera - III. Danza pastorale','The Four Seasons','维瓦尔第',28510),(25830161,'http://music.163.com/song?id=25830161','如歌的行板','世界著名交响乐团演奏的古典音乐系列之一 世界著名抒情音乐小品','彼得.伊里奇.柴可夫斯基',231393),(26025742,'http://music.163.com/song?id=26025742','BWV 302','巴赫作品全集','巴赫',36490),(34928091,'http://music.163.com/song?id=34928091','李斯特第二号匈牙利狂想曲','最新热歌慢摇111','马克西姆.姆尔维察',38854),(1376547,'http://music.163.com/song?id=1376547','Aria','The Glenn Gould Edition, Bach: Goldberg Variations, BWV 988, 1981 Version','Glenn Gould',33850),(16261392,'http://music.163.com/song?id=16261392','Romanza (Trad)','Spanske Mirakler - En Reise I Vin Og Musikk','Aage Kvalbein',27676),(25935132,'http://music.163.com/song?id=25935132','Symphony No.6 in F major, Op.68 \'Pastoral\' II - Andante Molto mosso (Scene by the Brook)','第六交响曲“田园”和序曲','贝多芬',38731),(26500531,'http://music.163.com/song?id=26500531','Moonflower','Grace','Michael Hoppé',38956),(1715939,'http://music.163.com/song?id=1715939','Mozart: Sonata In D For 2 Pianos, K 448 - 2. Andante','Mozart: Sonata, K.448; Schubert: Fantasia, Op. 103, D.940','Murray Perahia',38953),(25830134,'http://music.163.com/song?id=25830134','摇篮曲 (勃拉姆斯)','世界著名交响乐团演奏的古典音乐系列之二 世界著名婚礼音乐','群星',122455),(1213304,'http://music.163.com/song?id=1213304','Symphony No.5 in C minor, Op.67 - 1. Allegro con brio','Beethoven: Symphonien Nos. 5 & 7 / Kleiber, Vienna Philharmonic Orchestra','Carlos Kleiber',31032),(5173135,'http://music.163.com/song?id=5173135','Waltz No.1 in E flat, Op.18 -Grande valse brillante','Ultimate Chopin: The Essential Masterpieces','Zoltán Kocsis',46370),(34274307,'http://music.163.com/song?id=34274307','维瓦尔第: 四季·春 - 第一乐章 快板','名家室内乐专辑2','中国国家交响乐团',13638),(5242592,'http://music.163.com/song?id=5242592','OVERTURE: LARGO; ALLEGRO 水上音乐序曲:广板;快板 享德尔','HIVI:惠威试音天碟2','群星',122455),(25954828,'http://music.163.com/song?id=25954828','L\'Estro Armonico No. 1 in D major III. Allegretto','L\' estro Armonico（CD1）','维瓦尔第',28510),(25813885,'http://music.163.com/song?id=25813885','如歌的行板','Tchaikovsky Overture 1812','彼得.伊里奇.柴可夫斯基',231393),(5220538,'http://music.163.com/song?id=5220538','Minuet in G','The Best Ever Piano Classics','贝多芬',38731),(25820777,'http://music.163.com/song?id=25820777','L\'Estro Armonico No. 10 in B Minor III. Allegro','L\' estro Armonico（CD2）','维瓦尔第',28510),(25954844,'http://music.163.com/song?id=25954844','L\'Estro Armonico No. 4 in E Minor III. Allegro','L\' estro Armonico（CD1）','维瓦尔第',28510),(25954830,'http://music.163.com/song?id=25954830','L\'Estro Armonico No. 9 in D Major I. Allegro','L\' estro Armonico（CD1）','维瓦尔第',28510),(25821518,'http://music.163.com/song?id=25821518','Concerto for 2 Violins in D minor, BWV 1043 - I. Vivace','Violin Concertos & Double Concertos','巴赫',36490),(3030866,'http://music.163.com/song?id=3030866','Carmen: Prelude - (Orchestre)','Bizet: Carmen','Maria Callas',66372),(25954853,'http://music.163.com/song?id=25954853','L\'Estro Armonico No. 5 in A Major III. Allegro','L\' estro Armonico（CD1）','维瓦尔第',28510),(29829096,'http://music.163.com/song?id=29829096','伏尔塔瓦河','天鹅湖 [世界古典音乐经典曲]','群星',122455),(29808269,'http://music.163.com/song?id=29808269','降E大调夜曲','古典胎教音乐','群星',122455),(25820778,'http://music.163.com/song?id=25820778','L\'Estro Armonico No. 11 in D Minor III. Allegro','L\' estro Armonico（CD2）','维瓦尔第',28510),(25820783,'http://music.163.com/song?id=25820783','L\'Estro Armonico No. 12 in E Major III. Allegro','L\' estro Armonico（CD2）','维瓦尔第',28510),(25731592,'http://music.163.com/song?id=25731592','威尔第歌剧《茶花女》(第一幕 片段.《饮酒歌》)','激动人心的瞬间(13)','群星',122455),(25731589,'http://music.163.com/song?id=25731589','埃尔加《大提琴协奏曲》(第一乐章)','激动人心的瞬间(13)','群星',122455),(435592777,'http://music.163.com/song?id=435592777','第三交响曲英雄第一乐章','贝多芬-西方乐圣','贝多芬',38731),(25731279,'http://music.163.com/song?id=25731279','Romance op 50 in F major','Concerto for Violin&Romance; orchestre','贝多芬',38731),(34516408,'http://music.163.com/song?id=34516408','流浪者之歌','The Great Empire Classics 05 The Art Of Violin','Sarasate',0),(1068262,'http://music.163.com/song?id=1068262','Klavierkonzert No.5 Es-dur, Emperor - 1 Allegro','Beethoven: Piano Concert No. 5: Emperor Concerto / Klavierkonzert Nr. 5 / Choral Fantasy','Alfred Brendel',28718),(33916315,'http://music.163.com/song?id=33916315','皇帝进行曲','Classic Marches','威廉姆斯',1132483),(25954827,'http://music.163.com/song?id=25954827','L\'Estro Armonico No. 3 in G major III. Allegro','L\' estro Armonico（CD1）','维瓦尔第',28510),(25730683,'http://music.163.com/song?id=25730683','DVORAK New World Symphony：ii. Largo 德沃夏克 新世界交响曲：第二乐章 广板','Dvorak New World Symphony and other orchestral masterworks','Fritz Reiner',33768),(406346464,'http://music.163.com/song?id=406346464','Ave Maria','The Top 100 Masterpieces of Classical Music','舒伯特',33363),(29150374,'http://music.163.com/song?id=29150374','Chopin : Nocturne Op.9 N°2','Dream','Ophélie Gaillard',516009),(29829098,'http://music.163.com/song?id=29829098','蓝色的多瑙河','天鹅湖 [世界古典音乐经典曲]','群星',122455),(22512110,'http://music.163.com/song?id=22512110','Auf Flugeln Des Gesanges Op 34 No 2','Sweet Power Of Song & On Wings Of A Song','Felicity Lott',157461),(22469022,'http://music.163.com/song?id=22469022','Violin Concerto in A minor, BWV 1041: I. [Allegro]','Best of Anne-Sophie Mutter','Anne-Sophie Mutter',46547),(29953555,'http://music.163.com/song?id=29953555','Consolations, S. 172: No. 3 in D-Flat Major','Smooth Piano Classics','弗朗茨·李斯特',33646),(5251167,'http://music.163.com/song?id=5251167','Bach: Cello Suite No.1, Prelude','超完美婚礼','巴赫',36490),(1585927,'http://music.163.com/song?id=1585927','Concerto No.2 in F major BWV.1047 - 1. (ohne Satzbezeichnung)','Brandenburg Concertos Nos. 1 - 6','Karl Richter',38031),(26965599,'http://music.163.com/song?id=26965599','Concerto for Piano and Orchestra No. 12 in A major, K414 - 1. Allegro','Piano Concertos Nos. 12 & 20','Wolfgang Amadeus Mozart',804174),(2123324,'http://music.163.com/song?id=2123324','Divertimento in D, K. 344: III. Menuetto - Trio - Menuetto (Bonus Track / e-Album)','Mozart: Complete Violin Sonatas','Anne-Sophie Mutter',46547),(25820780,'http://music.163.com/song?id=25820780','L\'Estro Armonico No. 10 in B Minor I. Allegro','L\' estro Armonico（CD2）','维瓦尔第',28510),(20948039,'http://music.163.com/song?id=20948039','Puccini: Turandot / Act 3 - Nessun dorma!','Pavarotti Greatest Hits - The Ultimate Collection','Luciano Pavarotti',38122),(31260314,'http://music.163.com/song?id=31260314','Bach: Suite No.3 in D major, Ⅱ Air','Yo-Yo Ma Impressions','Yo-Yo Ma',38858),(26751545,'http://music.163.com/song?id=26751545','I. La Primavera - 1. Allegro','Vivaldi: The Four Seasons, Albinoni: Adagio, Corelli: Christmas Concerto','Berlin Philharmonic Orchestra',88335),(25954833,'http://music.163.com/song?id=25954833','L\'Estro Armonico No. 3 in G major I. Allegro','L\' estro Armonico（CD1）','维瓦尔第',28510),(5241790,'http://music.163.com/song?id=5241790','拉德斯基进行曲','新版惠威HiVi试音专用Ⅱ','卡拉扬',223972),(1060932,'http://music.163.com/song?id=1060932','Nocturne No. 8 in D Flat Major, Op. 27, No. 2','The Chopin Collection - The Nocturnes','Arthur Rubinstein',130026);
/*!40000 ALTER TABLE `yunyinlegudianyinlebang` ENABLE KEYS */;
UNLOCK TABLES;

--
-- Table structure for table `yunyinleregebang`
--

DROP TABLE IF EXISTS `yunyinleregebang`;
/*!40101 SET @saved_cs_client     = @@character_set_client */;
/*!40101 SET character_set_client = utf8 */;
CREATE TABLE `yunyinleregebang` (
  `music_id` int(11) DEFAULT NULL,
  `music_url` varchar(255) DEFAULT NULL,
  `music_name` varchar(255) DEFAULT NULL,
  `music_album` varchar(255) DEFAULT NULL,
  `music_artist` varchar(255) DEFAULT NULL,
  `music_artist_id` int(11) DEFAULT NULL
) ENGINE=InnoDB DEFAULT CHARSET=utf8;
/*!40101 SET character_set_client = @saved_cs_client */;

--
-- Dumping data for table `yunyinleregebang`
--

LOCK TABLES `yunyinleregebang` WRITE;
/*!40000 ALTER TABLE `yunyinleregebang` DISABLE KEYS */;
INSERT INTO `yunyinleregebang` VALUES (471385043,'http://music.163.com/song?id=471385043','暧昧','暧昧','薛之谦',5781),(474567044,'http://music.163.com/song?id=474567044','我害怕','我害怕','薛之谦',5781),(439915614,'http://music.163.com/song?id=439915614','刚好遇见你','刚好遇见你','李玉刚',4130),(471403427,'http://music.163.com/song?id=471403427','我喜欢上你时的内心活动','我喜欢上你时的内心活动','陈绮贞',7217),(436514312,'http://music.163.com/song?id=436514312','成都','成都','赵雷',6731),(432506345,'http://music.163.com/song?id=432506345','童话镇','童话镇','陈一发儿',1137098),(468513829,'http://music.163.com/song?id=468513829','说散就散','说散就散','JC',12347360),(451703096,'http://music.163.com/song?id=451703096','Shape of You','Shape Of You','Ed Sheeran',33184),(33162226,'http://music.163.com/song?id=33162226','悟空','悟空 (Live版)','戴荃',791534),(418603077,'http://music.163.com/song?id=418603077','告白气球','周杰伦的床边故事','周杰伦',6452),(475072295,'http://music.163.com/song?id=475072295','清白之年','猎户星座','朴树',4721),(31445772,'http://music.163.com/song?id=31445772','理想三旬','浓烟下的诗歌电台','陈鸿宇',1058228),(28285910,'http://music.163.com/song?id=28285910','岁月神偷','金玟岐作品集','金玟岐',893259),(401249910,'http://music.163.com/song?id=401249910','We Don\'t Talk Anymore','Nine Track Mind','Charlie Puth',90331),(36990266,'http://music.163.com/song?id=36990266','Faded','Faded','Alan Walker',1045123),(466122659,'http://music.163.com/song?id=466122659','Good Life','The Fate of the Furious: The Album','G-Eazy',820036),(468517654,'http://music.163.com/song?id=468517654','动物世界','动物世界','薛之谦',5781),(461347998,'http://music.163.com/song?id=461347998','Something Just Like This','Something Just Like This','The Chainsmokers',893484),(421423806,'http://music.163.com/song?id=421423806','小半','小梦大半','陈粒',1007170),(381433,'http://music.163.com/song?id=381433','爱河','爱河','神马乐团',12933),(32507038,'http://music.163.com/song?id=32507038','演员','绅士','薛之谦',5781),(440353010,'http://music.163.com/song?id=440353010','Ngẫu Hứng','Ngẫu Hứng','Hoaprox',1177234),(38592976,'http://music.163.com/song?id=38592976','Dream It Possible','Dream It Possible','Delacey',489045),(27867140,'http://music.163.com/song?id=27867140','房间','房间','刘瑞琦',840134),(38576323,'http://music.163.com/song?id=38576323','春风十里','所有的酒，都不如你','鹿先森乐队',1195028),(473817398,'http://music.163.com/song?id=473817398','Attention','Attention','Charlie Puth',90331),(410801653,'http://music.163.com/song?id=410801653','啷个哩个啷','啷个哩个啷','鹏泊',11974049),(30394891,'http://music.163.com/song?id=30394891','Seve','Seve','Tez Cadey',488571),(2919622,'http://music.163.com/song?id=2919622','I Am You','I Am You','Kim Taylor',63943),(30953009,'http://music.163.com/song?id=30953009','See You Again','Furious 7 (Original Motion Picture Soundtrack)','Wiz Khalifa',46006),(437292675,'http://music.163.com/song?id=437292675','我要你','我要你','任素汐',1054159),(31445554,'http://music.163.com/song?id=31445554','七月上','七月上','Jam',1071031),(29759733,'http://music.163.com/song?id=29759733','可乐','赵浴辰原创demo精选','赵浴辰',1038040),(208902,'http://music.163.com/song?id=208902','红色高跟鞋','若你碰到他','蔡健雅',7214),(29019227,'http://music.163.com/song?id=29019227','Sugar','V','Maroon 5',96266),(475207448,'http://music.163.com/song?id=475207448','I\'m the One ','I\'m the One','DJ Khaled',31273),(423228325,'http://music.163.com/song?id=423228325','Closer','Closer','The Chainsmokers',893484),(308353,'http://music.163.com/song?id=308353','钟无艳','3/8','谢安琪',9952),(472045959,'http://music.163.com/song?id=472045959','The Cure','The Cure','Lady Gaga',64147),(473873431,'http://music.163.com/song?id=473873431','팔레트','Palette','IU',160947),(30903117,'http://music.163.com/song?id=30903117','漂洋过海来看你','漂洋过海来看你','周深',1030001),(287035,'http://music.163.com/song?id=287035','遇见','经典全纪录(主打精华版)','孙燕姿',9272),(133998,'http://music.163.com/song?id=133998','老街','小黄','李荣浩',4292),(432506809,'http://music.163.com/song?id=432506809','致姗姗来迟的你 ','我愚蠢的理想主义','阿肆',7122),(406475394,'http://music.163.com/song?id=406475394','Wonderful U - Demo Version','Ginadoll','AGA',768208),(25788001,'http://music.163.com/song?id=25788001','其实都没有','初·爱','杨宗纬',6066),(472361096,'http://music.163.com/song?id=472361096','Despacito (Remix)','Despacito (Remix)','Luis Fonsi',38154),(26060065,'http://music.163.com/song?id=26060065','Counting Stars','Native (Deluxe Version)','OneRepublic',98105),(35403523,'http://music.163.com/song?id=35403523','陪你度过漫长岁月','陪你度过漫长岁月','陈奕迅',2116),(1210496,'http://music.163.com/song?id=1210496','What Are Words','What Are Words','Chris Medina',30899),(28639182,'http://music.163.com/song?id=28639182','Try','Gypsy Heart Side A','Colbie Caillat',50890),(27646205,'http://music.163.com/song?id=27646205','安和桥','安和桥北','宋冬野',5073),(442314991,'http://music.163.com/song?id=442314991','凉城','后继者','任然',9255),(28949843,'http://music.163.com/song?id=28949843','那就这样吧','热门华语233','Rocky',12154077),(461519272,'http://music.163.com/song?id=461519272','勉为其难','勉为其难','王冕',12302029),(29947420,'http://music.163.com/song?id=29947420','Fade','Fade','Alan Walker',1045123),(108242,'http://music.163.com/song?id=108242','她说','她说 概念自选辑','林俊杰',3684),(29850531,'http://music.163.com/song?id=29850531','不找了','郭旭的Demo','郭旭',1044203),(2526613,'http://music.163.com/song?id=2526613','Booty Music','Booty Music','Deep Side',55350),(186016,'http://music.163.com/song?id=186016','晴天','叶惠美','周杰伦',6452),(470759757,'http://music.163.com/song?id=470759757','不露声色','不露声色','Jam',1071031),(33291435,'http://music.163.com/song?id=33291435','Samsara','Mujeres y Hombres y Viceversa: Los Hits del Verano 2015','Tungevaag & Raaban',1090022),(418602088,'http://music.163.com/song?id=418602088','Nevada (Original Mix)','Nevada','Vicetone',747030),(139774,'http://music.163.com/song?id=139774','The truth that you leave','The truth that you leave','Pianoboy',4726),(441491080,'http://music.163.com/song?id=441491080','Oops','Glory Days (Deluxe Concert Film Edition)','Little Mix',96072),(28815250,'http://music.163.com/song?id=28815250','平凡之路','猎户星座','朴树',4721),(474922552,'http://music.163.com/song?id=474922552','白山茶','白山茶','陈雪凝',12382970),(31654455,'http://music.163.com/song?id=31654455','Victory','Battlecry','Two Steps From Hell',102714),(27759600,'http://music.163.com/song?id=27759600','Five Hundred Miles','Inside Llewyn Davis','Justin Timberlake',35331),(34852348,'http://music.163.com/song?id=34852348','致爱 Your Song','致爱 Your Song','鹿晗',1038093),(35476049,'http://music.163.com/song?id=35476049','这个年纪','这个年纪','齐一',1159045),(25706282,'http://music.163.com/song?id=25706282','夜空中最亮的星','世界','逃跑计划',12977),(202373,'http://music.163.com/song?id=202373','南方姑娘','赵小雷','赵雷',6731),(474567124,'http://music.163.com/song?id=474567124','半句再见','我想和你唱 第二季 第1期','孙燕姿',9272),(4386589,'http://music.163.com/song?id=4386589','I Just Wanna Run','Best I Never Had','The Downtown Fiction',103121),(473571905,'http://music.163.com/song?id=473571905','春风十里不如你','春风十里不如你','李健',3695),(432509483,'http://music.163.com/song?id=432509483','全世界谁倾听你 ','全世界谁倾听你','林宥嘉',3685),(474932841,'http://music.163.com/song?id=474932841','Thunder','Thunder','Imagine Dragons',94779),(29722263,'http://music.163.com/song?id=29722263','Uptown Funk','Uptown Funk','Mark Ronson',38898),(437387277,'http://music.163.com/song?id=437387277','其实，我就在你方圆几里','其实，我就在你方圆几里','Amy Chanrich',12077204),(26584442,'http://music.163.com/song?id=26584442','风的季节','历久尝新','Soler',12721),(408814900,'http://music.163.com/song?id=408814900','借我','算云烟','谢春花',1039895),(27747330,'http://music.163.com/song?id=27747330','被驯服的象','天使与魔鬼的对话','蔡健雅',7214),(409916250,'http://music.163.com/song?id=409916250','The Ocean (Radio Edit)','The Ocean','Mike Perry',195021),(409654891,'http://music.163.com/song?id=409654891','故梦','故梦（翻唱）','双笙',12025552),(30431376,'http://music.163.com/song?id=30431376','易燃易爆炸','如也','陈粒',1007170),(37653063,'http://music.163.com/song?id=37653063','Please Don\'t Go','Please Don\'t Go','Joel Adams',1188100),(65126,'http://music.163.com/song?id=65126','红玫瑰','1997-2007 跨世纪国语精选','陈奕迅',2116),(36308916,'http://music.163.com/song?id=36308916','Monody',' Monody','TheFatRat',1019952),(473742112,'http://music.163.com/song?id=473742112','离骚','离骚','易烊千玺',939088),(25731320,'http://music.163.com/song?id=25731320','男孩别哭','海龟先生','海龟先生',11830),(29750825,'http://music.163.com/song?id=29750825','Es rappelt im Karton','Es rappelt im Karton','Pixie Paris',1032313),(210281,'http://music.163.com/song?id=210281','心动','重译','陈洁仪',7439),(36496695,'http://music.163.com/song?id=36496695','Love Yourself','Purpose','Justin Bieber',35531),(28308080,'http://music.163.com/song?id=28308080','Me and My Broken Heart','Me and My Broken Heart','Rixton',840899),(448184048,'http://music.163.com/song?id=448184048','化身孤岛的鲸','翻唱','不才',961358),(410042104,'http://music.163.com/song?id=410042104','We Don\'t Talk Anymore','We Don\'t Talk Anymore（翻唱）','双笙',12025552),(461518855,'http://music.163.com/song?id=461518855','Stay','Stay','Zedd',46376),(409941296,'http://music.163.com/song?id=409941296','只是没有如果','只是没有如果','张靓颖',10561),(37196629,'http://music.163.com/song?id=37196629','不为谁而作的歌','不为谁而作的歌','林俊杰',3684),(355992,'http://music.163.com/song?id=355992','追梦赤子心','追梦痴子心','GALA',11679),(27583305,'http://music.163.com/song?id=27583305','Here With You','Here With You','Asher Book',28727),(33469593,'http://music.163.com/song?id=33469593','温柔乡','温柔乡','陈雅森',2230),(72408,'http://music.163.com/song?id=72408','天后','天后(台湾版)','陈势安',2201),(34497630,'http://music.163.com/song?id=34497630','最后一首情歌','好说好散','苏琛',1146106),(30854966,'http://music.163.com/song?id=30854966','Masked Heroes','Masked Heroes','Vexento',12037010),(86369,'http://music.163.com/song?id=86369','偏爱','仙剑奇侠传三 电视原声带','张芸京',10572),(28978321,'http://music.163.com/song?id=28978321','逆流成河','来生','金南玲',8281),(28892408,'http://music.163.com/song?id=28892408','我的天空','青春派 电影原声带','南征北战',189873),(4164331,'http://music.163.com/song?id=4164331','Bye Bye Bye','Rising Love','Lovestoned',95748),(3935139,'http://music.163.com/song?id=3935139','Breath and Life','The Platinum Series III','Audio Machine',87066),(442869386,'http://music.163.com/song?id=442869386','Baby ，До свидания','猎户星座','朴树',4721),(29431066,'http://music.163.com/song?id=29431066','奇妙能力歌','未收录的单曲','陈粒',1007170),(118261,'http://music.163.com/song?id=118261','七友','梁汉文集','梁汉文',3722),(35847037,'http://music.163.com/song?id=35847037','多幸运','多幸运','韩安旭',1177014),(347230,'http://music.163.com/song?id=347230','海阔天空','海阔天空','Beyond',11127),(29553031,'http://music.163.com/song?id=29553031','Sky (Radio Edit)','Sky','Steerner ',783190),(31260505,'http://music.163.com/song?id=31260505','思念是一把刀','思念是一把刀','刘辰希',4320),(152392,'http://music.163.com/song?id=152392','讲不出再见','二十年白金畅销金曲全记录','谭咏麟',5205),(468176711,'http://music.163.com/song?id=468176711','城南花已开','城南花已开','三亩地',1044144),(440101136,'http://music.163.com/song?id=440101136','Sign','Sign','DEAMN',12047335),(25906124,'http://music.163.com/song?id=25906124','不要说话','不想放手','陈奕迅',2116),(475072467,'http://music.163.com/song?id=475072467','First Time','First Time ','Kygo',844410),(108251,'http://music.163.com/song?id=108251','当你','她说 概念自选辑','林俊杰',3684),(167975,'http://music.163.com/song?id=167975','曾经的你','每一刻都是崭新的','许巍',5770),(32785700,'http://music.163.com/song?id=32785700','一生所爱','Beyond Imagination','卢冠廷',3697),(5253801,'http://music.163.com/song?id=5253801','Free Loop','Cf, Movie & Drama Hits 广告，开麦拉！','Daniel Powter',31187),(29534449,'http://music.163.com/song?id=29534449','Unity','Unity','TheFatRat',1019952),(33211676,'http://music.163.com/song?id=33211676','Hello','Hello','OMFG',381949),(472137753,'http://music.163.com/song?id=472137753','我不能忘记你','我不能忘记你','林忆莲',8336),(26402069,'http://music.163.com/song?id=26402069','上心','故事的配角','郑欣宜',10782),(475207215,'http://music.163.com/song?id=475207215','Bon Appétit','Bon Appétit','Katy Perry',62888),(25718007,'http://music.163.com/song?id=25718007','你瞒我瞒','Can’t Be Half','陈柏宇',2127),(32922450,'http://music.163.com/song?id=32922450','IF YOU','D','BIGBANG',126339),(94639,'http://music.163.com/song?id=94639','相依为命','十年选','陈小春',2112),(65538,'http://music.163.com/song?id=65538','好久不见','认了吧','陈奕迅',2116),(32196517,'http://music.163.com/song?id=32196517','造梦者','热门华语265','以冬',12065133),(29414037,'http://music.163.com/song?id=29414037','走马','热门华语241','陈粒',1007170),(473873631,'http://music.163.com/song?id=473873631','gravityWall (TV size)','gravityWall (TV size)','SawanoHiroyuki[nZk]:Tielle & Gemie',0),(473940413,'http://music.163.com/song?id=473940413','一半一半','一半一半','张碧晨',1024308),(35447858,'http://music.163.com/song?id=35447858','走着走着就散了 ','走着走着就散了','庄心妍',167013),(34229234,'http://music.163.com/song?id=34229234','i hate u i love u','i hate u i love u','gnash',1137226),(473441409,'http://music.163.com/song?id=473441409','空港曲','空港曲','宋冬野',5073),(189236,'http://music.163.com/song?id=189236','断点','我的梦想我的路','张敬轩',6462),(420922950,'http://music.163.com/song?id=420922950','Let Me Love You','Encore','DJ Snake',296416),(427142481,'http://music.163.com/song?id=427142481','Clsr (Aash Mehta Flip)','Clsr (Aash Mehta Flip)','Aash Mehta',1094364),(28661564,'http://music.163.com/song?id=28661564','Maps','Maps','Maroon 5',96266),(28188171,'http://music.163.com/song?id=28188171','Look At Me Now','Ego','Charlie Puth',90331),(29436904,'http://music.163.com/song?id=29436904','南山南','南山南','马頔',4592),(17793698,'http://music.163.com/song?id=17793698','Whistle','Whistle','Flo Rida',56783),(475072040,'http://music.163.com/song?id=475072040','倩音流年','倩音流年','慕寒',12413),(2866921,'http://music.163.com/song?id=2866921','Schnappi','Schnappi und Seine Freunde','Joy Gruttmann',62646),(32019002,'http://music.163.com/song?id=32019002','Beautiful Now','True Colors','Zedd',46376),(306662,'http://music.163.com/song?id=306662','失落沙洲','LaLa首张创作专辑','徐佳莹',9940),(17405594,'http://music.163.com/song?id=17405594','The Next Episode','2001','Dr. Dre',53243),(165340,'http://music.163.com/song?id=165340','有点甜','万有引力','汪苏泷',5538),(474791932,'http://music.163.com/song?id=474791932','오늘 취하면 (Prod. SUGA)','WINE','Suran',1081589),(461083054,'http://music.163.com/song?id=461083054','还不是因为你长得不好看','【满汉】还不是因为你长得不好看（纯男声30P）','满汉全席',1161201),(371362,'http://music.163.com/song?id=371362','小跳蛙','我们爱音乐(首唱会赠送版)','青蛙',12608),(857896,'http://music.163.com/song?id=857896','A Little Story','My View','Valentin',22247),(26508186,'http://music.163.com/song?id=26508186','天空之城','我爱南京','李志',3681),(36492599,'http://music.163.com/song?id=36492599','Trip','Trip','Axero',1035020),(28157586,'http://music.163.com/song?id=28157586','If I Die Young','Double Cream 5: 20 Years of Nashville #1\'s 1992-2012','The Band Perry',102919),(25713016,'http://music.163.com/song?id=25713016','Jar Of Love','Everything In The World (白金庆功版)','曲婉婷',9178),(422428548,'http://music.163.com/song?id=422428548','Landing Guy','鱼干铺里','刘昊霖',4171),(26524510,'http://music.163.com/song?id=26524510','我好想你','秋：故事','苏打绿',12707),(472219504,'http://music.163.com/song?id=472219504','Lust For Life','Lust For Life','Lana Del Rey',66212),(27646199,'http://music.163.com/song?id=27646199','斑马，斑马','安和桥北','宋冬野',5073),(17706562,'http://music.163.com/song?id=17706562','Good Time','Good Time','Owl City',40859),(448393515,'http://music.163.com/song?id=448393515','尽头','音阙诗听','赵方婧',12023202),(449818741,'http://music.163.com/song?id=449818741','光年之外','光年之外','G.E.M.邓紫棋',7763),(30352891,'http://music.163.com/song?id=30352891','牵丝戏','牵丝戏','银临',188565),(407435011,'http://music.163.com/song?id=407435011','我想','我想','余佳运',1079074),(35847388,'http://music.163.com/song?id=35847388','Hello','Hello','Adele',46487),(4224657,'http://music.163.com/song?id=4224657','Apologize','Dreaming Out Loud (Tour Edition)','OneRepublic',98105),(186001,'http://music.163.com/song?id=186001','七里香','七里香','周杰伦',6452),(1491585,'http://music.163.com/song?id=1491585','Traveling Light','Traveling Light','Joel Hanson',35375),(2529311,'http://music.163.com/song?id=2529311','Walk Away','Red','Dia Frampton',55454),(36587407,'http://music.163.com/song?id=36587407','我们不该这样的','北上广不相信眼泪 电视原声带','张赫宣',166016),(29732659,'http://music.163.com/song?id=29732659','This Is the Life','Weathered','Angie Miller',756064),(35447132,'http://music.163.com/song?id=35447132','勋章','勋章','鹿晗',1038093),(17112299,'http://music.163.com/song?id=17112299','Call Me Maybe','Call Me Maybe','Carly Rae Jepsen',50934),(411314681,'http://music.163.com/song?id=411314681','This Is What You Came For ','This Is What You Came For','Calvin Harris',29968),(356034,'http://music.163.com/song?id=356034','Young For You','Young For You','GALA',11679),(4875075,'http://music.163.com/song?id=4875075','遇到','恶作剧之吻 电视原声带','方雅贤',203162),(276904,'http://music.163.com/song?id=276904','外面的世界','回蔚','莫文蔚',8926),(28830411,'http://music.163.com/song?id=28830411','Sunburst','Sunburst','Tobu',964486),(4341314,'http://music.163.com/song?id=4341314','Intro - intro','xx','The xx',102035),(19542337,'http://music.163.com/song?id=19542337','Hall of Fame','#3 Deluxe Version','The Script',102028),(29814898,'http://music.163.com/song?id=29814898','可惜没如果','新地球','林俊杰',3684),(475279356,'http://music.163.com/song?id=475279356','有个人','有个人','戚薇',9203),(4154790,'http://music.163.com/song?id=4154790','Need You Now','iTunes Session','Lady Antebellum',95456),(29567189,'http://music.163.com/song?id=29567189','理想','吉姆餐厅','赵雷',6731),(28234970,'http://music.163.com/song?id=28234970','想把我唱给你听','热门华语202','老狼',3682),(29307038,'http://music.163.com/song?id=29307038','Centuries','Centuries','Fall Out Boy',56782),(35470197,'http://music.163.com/song?id=35470197','一次就好','夏洛特烦恼 电影原声带','杨宗纬',6066),(444269135,'http://music.163.com/song?id=444269135','Alone','Alone','Alan Walker',1045123),(168091,'http://music.163.com/song?id=168091','蓝莲花','时光.漫步','许巍',5770),(189315,'http://music.163.com/song?id=189315','慢慢','忘记你我做不到','张学友',6460),(316654,'http://music.163.com/song?id=316654','可惜我是水瓶座','Simply Me','杨千嬅',10204);
/*!40000 ALTER TABLE `yunyinleregebang` ENABLE KEYS */;
UNLOCK TABLES;

--
-- Table structure for table `yunyinlexingebang`
--

DROP TABLE IF EXISTS `yunyinlexingebang`;
/*!40101 SET @saved_cs_client     = @@character_set_client */;
/*!40101 SET character_set_client = utf8 */;
CREATE TABLE `yunyinlexingebang` (
  `music_id` int(11) DEFAULT NULL,
  `music_url` varchar(255) DEFAULT NULL,
  `music_name` varchar(255) DEFAULT NULL,
  `music_album` varchar(255) DEFAULT NULL,
  `music_artist` varchar(255) DEFAULT NULL,
  `music_artist_id` int(11) DEFAULT NULL
) ENGINE=InnoDB DEFAULT CHARSET=utf8;
/*!40101 SET character_set_client = @saved_cs_client */;

--
-- Dumping data for table `yunyinlexingebang`
--

LOCK TABLES `yunyinlexingebang` WRITE;
/*!40000 ALTER TABLE `yunyinlexingebang` DISABLE KEYS */;
INSERT INTO `yunyinlexingebang` VALUES (471385043,'http://music.163.com/song?id=471385043','暧昧','暧昧','薛之谦',5781),(471403427,'http://music.163.com/song?id=471403427','我喜欢上你时的内心活动','我喜欢上你时的内心活动','陈绮贞',7217),(474567044,'http://music.163.com/song?id=474567044','我害怕','我害怕','薛之谦',5781),(475072295,'http://music.163.com/song?id=475072295','清白之年','猎户星座','朴树',4721),(473817398,'http://music.163.com/song?id=473817398','Attention','Attention','Charlie Puth',90331),(475207448,'http://music.163.com/song?id=475207448','I\'m the One ','I\'m the One','DJ Khaled',31273),(470759757,'http://music.163.com/song?id=470759757','不露声色','不露声色','Jam',1071031),(472045959,'http://music.163.com/song?id=472045959','The Cure','The Cure','Lady Gaga',64147),(473873431,'http://music.163.com/song?id=473873431','팔레트','Palette','IU',160947),(472361096,'http://music.163.com/song?id=472361096','Despacito (Remix)','Despacito (Remix)','Luis Fonsi',38154),(28815250,'http://music.163.com/song?id=28815250','平凡之路','猎户星座','朴树',4721),(476428979,'http://music.163.com/song?id=476428979','Eyes Closed','Eyes Closed','Halsey',964321),(475073155,'http://music.163.com/song?id=475073155','悟空','悟空 (7分22秒最初完整版)','戴荃',791534),(474567124,'http://music.163.com/song?id=474567124','半句再见','我想和你唱 第二季 第1期','孙燕姿',9272),(474922552,'http://music.163.com/song?id=474922552','白山茶','白山茶','陈雪凝',12382970),(473571905,'http://music.163.com/song?id=473571905','春风十里不如你','春风十里不如你','李健',3695),(473742112,'http://music.163.com/song?id=473742112','离骚','离骚','易烊千玺',939088),(475254859,'http://music.163.com/song?id=475254859','Issues (Alan Walker Remix)','Issues (Alan Walker Remix)','Julia Michaels',12097049),(472137753,'http://music.163.com/song?id=472137753','我不能忘记你','我不能忘记你','林忆莲',8336),(473441409,'http://music.163.com/song?id=473441409','空港曲','空港曲','宋冬野',5073),(474932841,'http://music.163.com/song?id=474932841','Thunder','Thunder','Imagine Dragons',94779),(442869386,'http://music.163.com/song?id=442869386','Baby ，До свидания','猎户星座','朴树',4721),(473873631,'http://music.163.com/song?id=473873631','gravityWall (TV size)','gravityWall (TV size)','SawanoHiroyuki[nZk]:Tielle & Gemie',0),(473740555,'http://music.163.com/song?id=473740555','思美人兮','思美人兮','金玟岐',893259),(473940413,'http://music.163.com/song?id=473940413','一半一半','一半一半','张碧晨',1024308),(475279382,'http://music.163.com/song?id=475279382','祈愿','祈愿','张艺兴',1047015),(472219504,'http://music.163.com/song?id=472219504','Lust For Life','Lust For Life','Lana Del Rey',66212),(475072467,'http://music.163.com/song?id=475072467','First Time','First Time ','Kygo',844410),(470547656,'http://music.163.com/song?id=470547656','Ignite (Instrumental)','Ignite (Instrumental)','Alan Walker',1045123),(474932921,'http://music.163.com/song?id=474932921','No Vacancy','No Vacancy','OneRepublic',98105),(473602620,'http://music.163.com/song?id=473602620','There\'s Nothing Holdin\' Me Back','There\'s Nothing Holdin\' Me Back','Shawn Mendes',956238),(472361236,'http://music.163.com/song?id=472361236','Galway Girl','Galway Girl','Madilyn Bailey',69270),(475207215,'http://music.163.com/song?id=475207215','Bon Appétit','Bon Appétit','Katy Perry',62888),(475279356,'http://music.163.com/song?id=475279356','有个人','有个人','戚薇',9203),(476323553,'http://music.163.com/song?id=476323553','Moving On','Moving On','Marshmello',1060019),(476428773,'http://music.163.com/song?id=476428773','Slow Hands','Slow Hands','Niall Horan',12132300),(473940244,'http://music.163.com/song?id=473940244','让我留在你身边','2017跨界歌王 第二期','任嘉伦',12274111),(35345951,'http://music.163.com/song?id=35345951','好好地','猎户星座','朴树',4721),(475072040,'http://music.163.com/song?id=475072040','倩音流年','倩音流年','慕寒',12413),(473964449,'http://music.163.com/song?id=473964449','ヒトリゴト','ヒトリゴト (アニメ盤)','ClariS',18961),(470687490,'http://music.163.com/song?id=470687490','Galway Girl (Martin Jensen Remix)','Galway Girl (Martin Jensen Remix)','Ed Sheeran',33184),(476254256,'http://music.163.com/song?id=476254256','你，来替我做个梦','你，来替我做个梦','万晓利',5345),(474932825,'http://music.163.com/song?id=474932825','Quit','9','Cashmere Cat',689024),(471969020,'http://music.163.com/song?id=471969020','Drive My Car','Drive My Car','DEAMN',12047335),(475073467,'http://music.163.com/song?id=475073467','Something Just Like This (Alesso Remix)','Something Just Like This (The Remixes)','The Chainsmokers',893484),(476081712,'http://music.163.com/song?id=476081712','그대로일까','WONDER IF','龙俊亨',196774),(474791932,'http://music.163.com/song?id=474791932','오늘 취하면 (Prod. SUGA)','WINE','Suran',1081589),(470795480,'http://music.163.com/song?id=470795480','Something Just Like This','Something Just Like This','Alex Goot',28690),(475279864,'http://music.163.com/song?id=475279864','Sweet Creature','Sweet Creature','Harry Styles',12355573),(474038112,'http://music.163.com/song?id=474038112','That\'s What I Like (Alan Walker Remix)','That\'s What I Like (Alan Walker Remix)','Bruno Mars',178059),(473941007,'http://music.163.com/song?id=473941007','Alone (Lost Stories Remix)','Alone (Lost Stories Remix)','Lost Stories',12370074),(470736426,'http://music.163.com/song?id=470736426','사랑이 잘','사랑이 잘','IU',160947),(475207742,'http://music.163.com/song?id=475207742','365 FRESH','199X','Triple H',12369104),(474932897,'http://music.163.com/song?id=474932897','Young and Menace','Young and Menace','Fall Out Boy',56782),(474581010,'http://music.163.com/song?id=474581010','BOOM','BOOM','Tiësto',688047),(475279722,'http://music.163.com/song?id=475279722','住在地球晒夕阳','住在地球晒夕阳','朱隽言',12404111),(475254781,'http://music.163.com/song?id=475254781','Cold (Remix)','Cold (Remix)','Maroon 5',96266),(470601889,'http://music.163.com/song?id=470601889','Sign of the Times','Sign of the Times','Harry Styles',12355573),(473964011,'http://music.163.com/song?id=473964011','请你爱我','请你爱我','蔡卓妍',7227),(473440527,'http://music.163.com/song?id=473440527','外愈','外愈','任然',9255),(474567125,'http://music.163.com/song?id=474567125','讲不出再见','我想和你唱 第二季 第1期','谭咏麟',5205),(474764813,'http://music.163.com/song?id=474764813','U And Me','U And Me','徐梦圆',1142042),(473740829,'http://music.163.com/song?id=473740829','雨天','雨天','汪苏泷',5538),(473940122,'http://music.163.com/song?id=473940122','不冷不热 ','不冷不热','Panta.Q',1050465),(471374398,'http://music.163.com/song?id=471374398','随我','随我','华晨宇',861777),(476324536,'http://music.163.com/song?id=476324536','Earn It','Earn It','Fabian Mazur',952248),(475250113,'http://music.163.com/song?id=475250113','少读红楼','少读红楼','Lao干妈',12359437),(469243036,'http://music.163.com/song?id=469243036','Walk Away','Walk Away','LVNDSCAPE',1146024),(460043746,'http://music.163.com/song?id=460043746','Good Goodbye','One More Light','Linkin Park',95439),(474567580,'http://music.163.com/song?id=474567580','远走高飞','Hello 1','金志文',166014),(476323590,'http://music.163.com/song?id=476323590','Chicken Soup','Chicken Soup','Skrillex',43755),(459720339,'http://music.163.com/song?id=459720339','思美人','思美人','张靓颖',10561),(475279370,'http://music.163.com/song?id=475279370','不期而遇','不期而遇','刘惜君',8334),(469744092,'http://music.163.com/song?id=469744092','拿不走的记忆','拿不走的记忆','Dimash Kudaibergen',12274208),(472944176,'http://music.163.com/song?id=472944176','拾光','外科风云 电视剧原声带','杨子',12202288),(473440304,'http://music.163.com/song?id=473440304','My Dear Art','My Dear Art','陈粒',1007170),(475073797,'http://music.163.com/song?id=475073797','失恋阵线联盟','2017跨界歌王 第三期 ','陈建斌',1049979),(476323230,'http://music.163.com/song?id=476323230','弟兄','弟兄','魏晨',5349),(475258052,'http://music.163.com/song?id=475258052','田子坊','田子坊','接个吻，开一枪',12085016),(476081711,'http://music.163.com/song?id=476081711','지나친 사랑은 해로워','WONDER IF','龙俊亨',196774),(469699365,'http://music.163.com/song?id=469699365','慢慢习惯','慢慢习惯','刘德华',3691),(470547653,'http://music.163.com/song?id=470547653','Something Just Like This','Memories...Do Not Open','The Chainsmokers',893484),(475530855,'http://music.163.com/song?id=475530855','不谓侠 —《萧音弥漫》专辑收录曲','不谓侠 —《萧音弥漫》专辑收录曲','萧忆情Alex',1132127),(470547770,'http://music.163.com/song?id=470547770','Hey Ma','The Fate of the Furious: The Album','J Balvin',309127),(475264029,'http://music.163.com/song?id=475264029','Never Let Me Go','Never Let Me Go','Alok',1170012),(475073085,'http://music.163.com/song?id=475073085','对你的感觉','对你的感觉','Dom.T',12399037),(474574054,'http://music.163.com/song?id=474574054','神奇','我想和你唱 第二季 第1期','孙燕姿',9272),(470619767,'http://music.163.com/song?id=470619767','满城雪（燃情版）——《梦幻西游》电脑版剑侠客同人曲','《梦幻西游》电脑版剑侠客同人曲','萧忆情Alex',0),(476323034,'http://music.163.com/song?id=476323034','尖叫之夜','尖叫之夜','许魏洲',12000097),(476443786,'http://music.163.com/song?id=476443786','神之印记','神之印记 ——《神印王座》网页游戏主题曲','伦桑',981141),(476513774,'http://music.163.com/song?id=476513774','琵琶行','琵琶行','奇然',4873),(472746454,'http://music.163.com/song?id=472746454','如春娇','如春娇','刘莉旻',12028182),(476245742,'http://music.163.com/song?id=476245742','Want You Back','Want You Back','Haim',94432),(473940941,'http://music.163.com/song?id=473940941','秋城','秋城','丢火车',11370),(473986777,'http://music.163.com/song?id=473986777','Let\'s Hurt Tonight (BUNT. Remix)','Let\'s Hurt Tonight (BUNT. Remix)','OneRepublic',98105),(469508217,'http://music.163.com/song?id=469508217','3AM','3AM','AGA',768208),(475277317,'http://music.163.com/song?id=475277317','ピースサイン (TV edit.)','ピースサイン (TV edit.)','米津玄師',159300),(475250011,'http://music.163.com/song?id=475250011','直来直往','2017跨界歌王 第三期 ','王珞丹',9772),(475073468,'http://music.163.com/song?id=475073468','Something Just Like This (Don Diablo Remix)','Something Just Like This (The Remixes)','The Chainsmokers',893484);
/*!40000 ALTER TABLE `yunyinlexingebang` ENABLE KEYS */;
UNLOCK TABLES;
/*!40103 SET TIME_ZONE=@OLD_TIME_ZONE */;

/*!40101 SET SQL_MODE=@OLD_SQL_MODE */;
/*!40014 SET FOREIGN_KEY_CHECKS=@OLD_FOREIGN_KEY_CHECKS */;
/*!40014 SET UNIQUE_CHECKS=@OLD_UNIQUE_CHECKS */;
/*!40101 SET CHARACTER_SET_CLIENT=@OLD_CHARACTER_SET_CLIENT */;
/*!40101 SET CHARACTER_SET_RESULTS=@OLD_CHARACTER_SET_RESULTS */;
/*!40101 SET COLLATION_CONNECTION=@OLD_COLLATION_CONNECTION */;
/*!40111 SET SQL_NOTES=@OLD_SQL_NOTES */;

-- Dump completed on 2017-05-07 15:35:13
